conteudo_id,titulo,tipo,categoria,nivel,total_visualizacoes,total_inicios,total_conclusoes,total_curtidas,taxa_conclusao_pct,tempo_total_min,avaliacao_media,_lote_processamento
1,Curso Completo de Segurança de Redes e Controle de Acesso: Da Teoria à Prática,Curso,DevOps & Cloud,Avançado,25,18,12,10,66.67,1250.0,4.5,LOTE_GOLD_OFICIAL
2,Deep Dive Ep. 21: Casos de Sucesso em Linhagem de Dados e Rastreabilidade de Origem,Podcast,Segurança & Governança,Básico,25,18,12,10,66.67,1250.0,4.5,LOTE_GOLD_OFICIAL
3,Data Insights Ep. 54: Experiências Reais com Práticas de DataOps e Qualidade de Dados,Podcast,Engenharia de Dados,Avançado,25,18,12,10,66.67,1250.0,4.5,LOTE_GOLD_OFICIAL
4,Guia Definitivo e Boas Práticas sobre Integração de Conectores com SQLAlchemy e Psycopg3,Artigo,Programação & Software,Avançado,25,18,12,10,66.67,1250.0,4.5,LOTE_GOLD_OFICIAL
5,Análise Comparativa e Padrões Recomendados em Design de Dashboards e Eliminação de Chartjunk,Artigo,Business Intelligence,Básico,25,18,12,10,66.67,1250.0,4.5,LOTE_GOLD_OFICIAL
6,Estudo Técnico e Decisões de Arquitetura em Auditoria e Monitoramento de Logs de Acesso,Artigo,Segurança & Governança,Básico,25,18,12,10,66.67,1250.0,4.5,LOTE_GOLD_OFICIAL
7,Data Insights Ep. 108: Experiências Reais com Auditoria e Monitoramento de Logs de Acesso,Podcast,Segurança & Governança,Avançado,25,18,12,10,66.67,1250.0,4.5,LOTE_GOLD_OFICIAL
8,Construindo Aplicações Robustas com Estatística Descritiva e Inferencial para Decisão,Curso,Ciência de Dados,Básico,25,18,12,10,66.67,1250.0,4.5,LOTE_GOLD_OFICIAL
9,Arquitetura & Código Ep. 121: Inovações em Machine Learning Supervisionado com Scikit-Learn,Podcast,Ciência de Dados,Avançado,25,18,12,10,66.67,1250.0,4.5,LOTE_GOLD_OFICIAL
10,Princípios Essenciais e Arquitetura de Auditoria e Monitoramento de Logs de Acesso,Artigo,Segurança & Governança,Intermediário,25,18,12,10,66.67,1250.0,4.5,LOTE_GOLD_OFICIAL
11,Análise Prática e Demonstração de Prevenção contra Vazamentos e Segurança em APIs,Vídeo,Segurança & Governança,Intermediário,25,18,12,10,66.67,1250.0,4.5,LOTE_GOLD_OFICIAL
12,Papo de Dados Ep. 75: Desvendando Auditoria e Monitoramento de Logs de Acesso,Podcast,Segurança & Governança,Avançado,25,18,12,10,66.67,1250.0,4.5,LOTE_GOLD_OFICIAL
13,Arquitetura & Código Ep. 123: Inovações em Design de Dashboards e Eliminação de Chartjunk,Podcast,Business Intelligence,Básico,25,18,12,10,66.67,1250.0,4.5,LOTE_GOLD_OFICIAL
14,Arquitetura & Código Ep. 38: Inovações em Orquestração de Microsserviços com Kubernetes,Podcast,DevOps & Cloud,Básico,25,18,12,10,66.67,1250.0,4.5,LOTE_GOLD_OFICIAL
15,Curso Completo de Governança de Dados para Aplicações de IA: Da Teoria à Prática,Curso,Segurança & Governança,Avançado,25,18,12,10,66.67,1250.0,4.5,LOTE_GOLD_OFICIAL
16,Curso Completo de Filtros Interativos e Exploração Granular em BI: Da Teoria à Prática,Curso,Business Intelligence,Básico,25,18,12,10,66.67,1250.0,4.5,LOTE_GOLD_OFICIAL
17,Melhores Práticas e Arquitetura de Governança de Dados para Aplicações de IA,Vídeo,Segurança & Governança,Básico,25,18,12,10,66.67,1250.0,4.5,LOTE_GOLD_OFICIAL
18,Melhores Práticas e Arquitetura de Estratégias de Indexação e Performance de Bancos,Vídeo,Banco de Dados,Intermediário,25,18,12,10,66.67,1250.0,4.5,LOTE_GOLD_OFICIAL
19,"Solucionando Desafios do Dia a Dia em Python Avançado: POO, Decorators e Geradores",Vídeo,Programação & Software,Básico,25,18,12,10,66.67,1250.0,4.5,LOTE_GOLD_OFICIAL
20,Estudo Técnico e Decisões de Arquitetura em Pipelines de Ingestão Batch e Streaming,Artigo,Engenharia de Dados,Avançado,25,18,12,10,66.67,1250.0,4.5,LOTE_GOLD_OFICIAL
21,Análise Comparativa e Padrões Recomendados em Embeddings Vetoriais e Representação Semântica,Artigo,Inteligência Artificial,Intermediário,25,18,12,10,66.67,1250.0,4.5,LOTE_GOLD_OFICIAL
22,Solucionando Desafios do Dia a Dia em Refatoração de Código e Padrões PEP 8,Vídeo,Programação & Software,Intermediário,25,18,12,10,66.67,1250.0,4.5,LOTE_GOLD_OFICIAL
23,Tech Talk Ep. 12: Melhores Práticas em Pipelines e Transformações com Apache Hop,Podcast,Engenharia de Dados,Avançado,25,18,12,10,66.67,1250.0,4.5,LOTE_GOLD_OFICIAL
24,Deep Dive Ep. 56: Casos de Sucesso em Orquestração de Workflows com Apache Airflow,Podcast,Engenharia de Dados,Avançado,25,18,12,10,66.67,1250.0,4.5,LOTE_GOLD_OFICIAL
25,"Arquitetura & Código Ep. 21: Inovações em Métricas de Engajamento, Retenção e Conversão",Podcast,Business Intelligence,Avançado,25,18,12,10,66.67,1250.0,4.5,LOTE_GOLD_OFICIAL
26,Estudo Técnico e Decisões de Arquitetura em Consultas e Índices GIN com JSONB no PostgreSQL,Artigo,Banco de Dados,Intermediário,25,18,12,10,66.67,1250.0,4.5,LOTE_GOLD_OFICIAL
27,Análise Comparativa e Padrões Recomendados em Gestão de Metadados e Qualidade de Dados Mestres,Artigo,Segurança & Governança,Básico,25,18,12,10,66.67,1250.0,4.5,LOTE_GOLD_OFICIAL
28,Solucionando Desafios do Dia a Dia em Análise Exploratória de Dados com Pandas,Vídeo,Ciência de Dados,Básico,25,18,12,10,66.67,1250.0,4.5,LOTE_GOLD_OFICIAL
29,Construindo Aplicações Robustas com Infraestrutura como Código com Terraform,Curso,DevOps & Cloud,Intermediário,25,18,12,10,66.67,1250.0,4.5,LOTE_GOLD_OFICIAL
30,Masterclass de Monitoramento de Performance e Acompanhamento de Metas para Projetos Reais,Curso,Business Intelligence,Avançado,25,18,12,10,66.67,1250.0,4.5,LOTE_GOLD_OFICIAL
31,Solucionando Desafios do Dia a Dia em Visão Computacional e Processamento de Imagens,Vídeo,Inteligência Artificial,Básico,25,18,12,10,66.67,1250.0,4.5,LOTE_GOLD_OFICIAL
32,Como Obter Alta Performance Utilizando Armazenamento de Documentos com MongoDB,Artigo,Banco de Dados,Avançado,25,18,12,10,66.67,1250.0,4.5,LOTE_GOLD_OFICIAL
33,Como Obter Alta Performance Utilizando Infraestrutura como Código com Terraform,Artigo,DevOps & Cloud,Intermediário,25,18,12,10,66.67,1250.0,4.5,LOTE_GOLD_OFICIAL
34,Tech Talk Ep. 6: Melhores Práticas em Pipelines de Ingestão Batch e Streaming,Podcast,Engenharia de Dados,Básico,25,18,12,10,66.67,1250.0,4.5,LOTE_GOLD_OFICIAL
35,Análise Comparativa e Padrões Recomendados em Automação de Servidores Linux e Acesso SSH,Artigo,DevOps & Cloud,Avançado,25,18,12,10,66.67,1250.0,4.5,LOTE_GOLD_OFICIAL
36,Como Implementar Auditoria e Monitoramento de Logs de Acesso Passo a Passo,Vídeo,Segurança & Governança,Avançado,25,18,12,10,66.67,1250.0,4.5,LOTE_GOLD_OFICIAL
37,Arquitetura & Código Ep. 7: Inovações em Filtros Interativos e Exploração Granular em BI,Podcast,Business Intelligence,Básico,25,18,12,10,66.67,1250.0,4.5,LOTE_GOLD_OFICIAL
38,Como Obter Alta Performance Utilizando Visão Computacional e Processamento de Imagens,Artigo,Inteligência Artificial,Intermediário,25,18,12,10,66.67,1250.0,4.5,LOTE_GOLD_OFICIAL
39,Melhores Práticas e Arquitetura de Processamento Distribuído com Apache Spark,Vídeo,Engenharia de Dados,Básico,25,18,12,10,66.67,1250.0,4.5,LOTE_GOLD_OFICIAL
40,Análise Comparativa e Padrões Recomendados em Dashboards Estratégicos no Apache Superset,Artigo,Business Intelligence,Intermediário,25,18,12,10,66.67,1250.0,4.5,LOTE_GOLD_OFICIAL
41,Tech Talk Ep. 33: Melhores Práticas em Clusterização e Segmentação de Perfis,Podcast,Ciência de Dados,Avançado,25,18,12,10,66.67,1250.0,4.5,LOTE_GOLD_OFICIAL
42,Papo de Dados Ep. 5: Desvendando Visualizações com Big Numbers e Gráficos Eficazes,Podcast,Business Intelligence,Básico,25,18,12,10,66.67,1250.0,4.5,LOTE_GOLD_OFICIAL
43,Deep Dive Ep. 23: Casos de Sucesso em Filtros Interativos e Exploração Granular em BI,Podcast,Business Intelligence,Básico,25,18,12,10,66.67,1250.0,4.5,LOTE_GOLD_OFICIAL
44,Como Obter Alta Performance Utilizando Segurança de Redes e Controle de Acesso,Artigo,DevOps & Cloud,Avançado,25,18,12,10,66.67,1250.0,4.5,LOTE_GOLD_OFICIAL
45,Melhores Práticas e Arquitetura de Adequação à LGPD e Proteção de Dados Pessoais,Vídeo,Segurança & Governança,Básico,25,18,12,10,66.67,1250.0,4.5,LOTE_GOLD_OFICIAL
46,Análise Prática e Demonstração de Filtros Interativos e Exploração Granular em BI,Vídeo,Business Intelligence,Básico,25,18,12,10,66.67,1250.0,4.5,LOTE_GOLD_OFICIAL
47,Arquitetura & Código Ep. 40: Inovações em Modelagem e Agregações Analíticas no SQL Lab,Podcast,Business Intelligence,Básico,25,18,12,10,66.67,1250.0,4.5,LOTE_GOLD_OFICIAL
48,Data Insights Ep. 96: Experiências Reais com Orquestração de Workflows com Apache Airflow,Podcast,Engenharia de Dados,Básico,25,18,12,10,66.67,1250.0,4.5,LOTE_GOLD_OFICIAL
49,Construindo Aplicações Robustas com Experimentação e Testes A/B Orientados a Dados,Curso,Ciência de Dados,Intermediário,25,18,12,10,66.67,1250.0,4.5,LOTE_GOLD_OFICIAL
50,Solucionando Desafios do Dia a Dia em Arquitetura RAG e Recuperação Semântica,Vídeo,Inteligência Artificial,Básico,25,18,12,10,66.67,1250.0,4.5,LOTE_GOLD_OFICIAL
51,Formação Prática em Estatística Descritiva e Inferencial para Decisão: Fundamentos e Aplicação,Curso,Ciência de Dados,Intermediário,25,18,12,10,66.67,1250.0,4.5,LOTE_GOLD_OFICIAL
52,Arquitetura & Código Ep. 109: Inovações em Análise Exploratória de Dados com Pandas,Podcast,Ciência de Dados,Avançado,25,18,12,10,66.67,1250.0,4.5,LOTE_GOLD_OFICIAL
53,Melhores Práticas e Arquitetura de Orquestração de Workflows com Apache Airflow,Vídeo,Engenharia de Dados,Intermediário,25,18,12,10,66.67,1250.0,4.5,LOTE_GOLD_OFICIAL
54,Formação Prática em Orquestração de Microsserviços com Kubernetes: Fundamentos e Aplicação,Curso,DevOps & Cloud,Intermediário,25,18,12,10,66.67,1250.0,4.5,LOTE_GOLD_OFICIAL
55,Solucionando Desafios do Dia a Dia em Armazenamento de Documentos com MongoDB,Vídeo,Banco de Dados,Intermediário,25,18,12,10,66.67,1250.0,4.5,LOTE_GOLD_OFICIAL
56,Estudo Técnico e Decisões de Arquitetura em Processamento de Linguagem Natural (PLN),Artigo,Inteligência Artificial,Intermediário,25,18,12,10,66.67,1250.0,4.5,LOTE_GOLD_OFICIAL
57,Guia Definitivo e Boas Práticas sobre Governança de Dados para Aplicações de IA,Artigo,Segurança & Governança,Intermediário,25,18,12,10,66.67,1250.0,4.5,LOTE_GOLD_OFICIAL
58,Como Obter Alta Performance Utilizando Modelagem e Agregações Analíticas no SQL Lab,Artigo,Business Intelligence,Básico,25,18,12,10,66.67,1250.0,4.5,LOTE_GOLD_OFICIAL
59,Princípios Essenciais e Arquitetura de Auditoria e Monitoramento de Logs de Acesso,Artigo,Segurança & Governança,Intermediário,25,18,12,10,66.67,1250.0,4.5,LOTE_GOLD_OFICIAL
60,Estudo Técnico e Decisões de Arquitetura em Ambientes Reprodutíveis para Aplicações de Dados,Artigo,DevOps & Cloud,Avançado,25,18,12,10,66.67,1250.0,4.5,LOTE_GOLD_OFICIAL
61,Como Implementar Testes Automatizados e TDD com Pytest Passo a Passo,Vídeo,Programação & Software,Intermediário,25,18,12,10,66.67,1250.0,4.5,LOTE_GOLD_OFICIAL
62,Como Obter Alta Performance Utilizando Integração Híbrida PostgreSQL e NoSQL MongoDB,Artigo,Banco de Dados,Avançado,25,18,12,10,66.67,1250.0,4.5,LOTE_GOLD_OFICIAL
63,Especialização em Storytelling com Dados para Apresentações Executivas com Projetos Práticos,Curso,Business Intelligence,Avançado,25,18,12,10,66.67,1250.0,4.5,LOTE_GOLD_OFICIAL
64,Estudo Técnico e Decisões de Arquitetura em Tipagem Estática e Boas Práticas com Mypy,Artigo,Programação & Software,Básico,25,18,12,10,66.67,1250.0,4.5,LOTE_GOLD_OFICIAL
65,Princípios Essenciais e Arquitetura de Conteinerização com Docker e Docker Compose,Artigo,DevOps & Cloud,Intermediário,25,18,12,10,66.67,1250.0,4.5,LOTE_GOLD_OFICIAL
66,Melhores Práticas e Arquitetura de Escalabilidade e Gestão de Custos em Cloud,Vídeo,DevOps & Cloud,Avançado,25,18,12,10,66.67,1250.0,4.5,LOTE_GOLD_OFICIAL
67,Guia Definitivo e Boas Práticas sobre Pipelines de Ingestão Batch e Streaming,Artigo,Engenharia de Dados,Básico,25,18,12,10,66.67,1250.0,4.5,LOTE_GOLD_OFICIAL
68,Data Insights Ep. 21: Experiências Reais com Governança e Padronização de Painéis de Indicadores,Podcast,Business Intelligence,Avançado,25,18,12,10,66.67,1250.0,4.5,LOTE_GOLD_OFICIAL
69,Especialização em Transações ACID e Controle de Concorrência com Projetos Práticos,Curso,Banco de Dados,Básico,25,18,12,10,66.67,1250.0,4.5,LOTE_GOLD_OFICIAL
70,Construindo Aplicações Robustas com Integração de Conectores com SQLAlchemy e Psycopg3,Curso,Programação & Software,Avançado,25,18,12,10,66.67,1250.0,4.5,LOTE_GOLD_OFICIAL
71,"Análise Comparativa e Padrões Recomendados em Python Avançado: POO, Decorators e Geradores",Artigo,Programação & Software,Básico,25,18,12,10,66.67,1250.0,4.5,LOTE_GOLD_OFICIAL
72,Estudo Técnico e Decisões de Arquitetura em Gerenciamento de Ambientes e Segredos em Nuvem,Artigo,DevOps & Cloud,Avançado,25,18,12,10,66.67,1250.0,4.5,LOTE_GOLD_OFICIAL
73,Guia Definitivo e Boas Práticas sobre Práticas de DataOps e Qualidade de Dados,Artigo,Engenharia de Dados,Básico,25,18,12,10,66.67,1250.0,4.5,LOTE_GOLD_OFICIAL
74,Deep Dive Ep. 103: Casos de Sucesso em Métricas de Avaliação de Modelos Preditivos,Podcast,Ciência de Dados,Intermediário,25,18,12,10,66.67,1250.0,4.5,LOTE_GOLD_OFICIAL
75,Construindo Aplicações Robustas com APIs RESTful de Alta Performance com FastAPI,Curso,Programação & Software,Avançado,25,18,12,10,66.67,1250.0,4.5,LOTE_GOLD_OFICIAL
76,Formação Prática em Automação de Servidores Linux e Acesso SSH: Fundamentos e Aplicação,Curso,DevOps & Cloud,Intermediário,25,18,12,10,66.67,1250.0,4.5,LOTE_GOLD_OFICIAL
77,Solucionando Desafios do Dia a Dia em Monitoramento de Performance e Acompanhamento de Metas,Vídeo,Business Intelligence,Avançado,25,18,12,10,66.67,1250.0,4.5,LOTE_GOLD_OFICIAL
78,Melhores Práticas e Arquitetura de Clusterização e Segmentação de Perfis,Vídeo,Ciência de Dados,Avançado,25,18,12,10,66.67,1250.0,4.5,LOTE_GOLD_OFICIAL
79,Data Insights Ep. 94: Experiências Reais com Integração Híbrida PostgreSQL e NoSQL MongoDB,Podcast,Banco de Dados,Avançado,25,18,12,10,66.67,1250.0,4.5,LOTE_GOLD_OFICIAL
80,Guia Rápido e Hands-on: Estratégias de Indexação e Performance de Bancos,Vídeo,Banco de Dados,Avançado,25,18,12,10,66.67,1250.0,4.5,LOTE_GOLD_OFICIAL
81,Masterclass de Data Lakehouse e Armazenamento Delta Lake para Projetos Reais,Curso,Engenharia de Dados,Intermediário,25,18,12,10,66.67,1250.0,4.5,LOTE_GOLD_OFICIAL
82,Como Implementar Catálogo de Dados Corporativo e Glossário Passo a Passo,Vídeo,Segurança & Governança,Básico,25,18,12,10,66.67,1250.0,4.5,LOTE_GOLD_OFICIAL
83,Deep Dive Ep. 94: Casos de Sucesso em Data Lakehouse e Armazenamento Delta Lake,Podcast,Engenharia de Dados,Básico,25,18,12,10,66.67,1250.0,4.5,LOTE_GOLD_OFICIAL
84,Melhores Práticas e Arquitetura de Infraestrutura como Código com Terraform,Vídeo,DevOps & Cloud,Avançado,25,18,12,10,66.67,1250.0,4.5,LOTE_GOLD_OFICIAL
85,Formação Prática em Escalabilidade e Gestão de Custos em Cloud: Fundamentos e Aplicação,Curso,DevOps & Cloud,Avançado,25,18,12,10,66.67,1250.0,4.5,LOTE_GOLD_OFICIAL
86,Solucionando Desafios do Dia a Dia em Sistemas de Recomendação por Similaridade,Vídeo,Inteligência Artificial,Avançado,25,18,12,10,66.67,1250.0,4.5,LOTE_GOLD_OFICIAL
87,Deep Dive Ep. 109: Casos de Sucesso em Métricas de Avaliação de Modelos Preditivos,Podcast,Ciência de Dados,Básico,25,18,12,10,66.67,1250.0,4.5,LOTE_GOLD_OFICIAL
88,Melhores Práticas e Arquitetura de Design de Dashboards e Eliminação de Chartjunk,Vídeo,Business Intelligence,Avançado,25,18,12,10,66.67,1250.0,4.5,LOTE_GOLD_OFICIAL
89,Melhores Práticas e Arquitetura de Arquitetura RAG e Recuperação Semântica,Vídeo,Inteligência Artificial,Intermediário,25,18,12,10,66.67,1250.0,4.5,LOTE_GOLD_OFICIAL
90,Deep Dive Ep. 38: Casos de Sucesso em Clusterização e Segmentação de Perfis,Podcast,Ciência de Dados,Básico,25,18,12,10,66.67,1250.0,4.5,LOTE_GOLD_OFICIAL
91,Arquitetura & Código Ep. 70: Inovações em Práticas de DataOps e Qualidade de Dados,Podcast,Engenharia de Dados,Avançado,25,18,12,10,66.67,1250.0,4.5,LOTE_GOLD_OFICIAL
92,Formação Prática em Integração Híbrida PostgreSQL e NoSQL MongoDB: Fundamentos e Aplicação,Curso,Banco de Dados,Básico,25,18,12,10,66.67,1250.0,4.5,LOTE_GOLD_OFICIAL
93,Curso Completo de Monitoramento com Prometheus e Grafana: Da Teoria à Prática,Curso,DevOps & Cloud,Avançado,25,18,12,10,66.67,1250.0,4.5,LOTE_GOLD_OFICIAL
94,Curso Completo de Storytelling com Dados para Apresentações Executivas: Da Teoria à Prática,Curso,Business Intelligence,Básico,25,18,12,10,66.67,1250.0,4.5,LOTE_GOLD_OFICIAL
95,Construindo Aplicações Robustas com Refatoração de Código e Padrões PEP 8,Curso,Programação & Software,Intermediário,25,18,12,10,66.67,1250.0,4.5,LOTE_GOLD_OFICIAL
96,Estudo Técnico e Decisões de Arquitetura em Modelagem Relacional Avançada no PostgreSQL,Artigo,Banco de Dados,Básico,25,18,12,10,66.67,1250.0,4.5,LOTE_GOLD_OFICIAL
97,Construindo Aplicações Robustas com Processamento Distribuído com Apache Spark,Curso,Engenharia de Dados,Avançado,25,18,12,10,66.67,1250.0,4.5,LOTE_GOLD_OFICIAL
98,Estudo Técnico e Decisões de Arquitetura em Linhagem de Dados e Rastreabilidade de Origem,Artigo,Segurança & Governança,Intermediário,25,18,12,10,66.67,1250.0,4.5,LOTE_GOLD_OFICIAL
99,"Princípios Essenciais e Arquitetura de Python Avançado: POO, Decorators e Geradores",Artigo,Programação & Software,Intermediário,25,18,12,10,66.67,1250.0,4.5,LOTE_GOLD_OFICIAL
100,Papo de Dados Ep. 128: Desvendando Padrões de Projeto para Engenharia de Software,Podcast,Programação & Software,Avançado,25,18,12,10,66.67,1250.0,4.5,LOTE_GOLD_OFICIAL
101,Deep Dive Ep. 81: Casos de Sucesso em Consultas e Índices GIN com JSONB no PostgreSQL,Podcast,Banco de Dados,Básico,25,18,12,10,66.67,1250.0,4.5,LOTE_GOLD_OFICIAL
102,Masterclass de Escalabilidade e Gestão de Custos em Cloud para Projetos Reais,Curso,DevOps & Cloud,Avançado,25,18,12,10,66.67,1250.0,4.5,LOTE_GOLD_OFICIAL
103,Solucionando Desafios do Dia a Dia em Fine-Tuning de Modelos Fundacionais,Vídeo,Inteligência Artificial,Básico,25,18,12,10,66.67,1250.0,4.5,LOTE_GOLD_OFICIAL
104,"Tech Talk Ep. 14: Melhores Práticas em Python Avançado: POO, Decorators e Geradores",Podcast,Programação & Software,Básico,25,18,12,10,66.67,1250.0,4.5,LOTE_GOLD_OFICIAL
105,Princípios Essenciais e Arquitetura de Orquestração de Microsserviços com Kubernetes,Artigo,DevOps & Cloud,Intermediário,25,18,12,10,66.67,1250.0,4.5,LOTE_GOLD_OFICIAL
106,Curso Completo de Prevenção contra Vazamentos e Segurança em APIs: Da Teoria à Prática,Curso,Segurança & Governança,Avançado,25,18,12,10,66.67,1250.0,4.5,LOTE_GOLD_OFICIAL
107,Formação Prática em Detecção de Anomalias em Grandes Volumes: Fundamentos e Aplicação,Curso,Ciência de Dados,Básico,25,18,12,10,66.67,1250.0,4.5,LOTE_GOLD_OFICIAL
108,Análise Comparativa e Padrões Recomendados em Análise Exploratória de Dados com Pandas,Artigo,Ciência de Dados,Intermediário,25,18,12,10,66.67,1250.0,4.5,LOTE_GOLD_OFICIAL
109,Melhores Práticas e Arquitetura de Detecção de Anomalias em Grandes Volumes,Vídeo,Ciência de Dados,Básico,25,18,12,10,66.67,1250.0,4.5,LOTE_GOLD_OFICIAL
110,Papo de Dados Ep. 106: Desvendando Fundamentos de Deep Learning com PyTorch,Podcast,Inteligência Artificial,Básico,25,18,12,10,66.67,1250.0,4.5,LOTE_GOLD_OFICIAL
111,Tech Talk Ep. 144: Melhores Práticas em Busca Vetorial com pgvector e Índices HNSW,Podcast,Banco de Dados,Básico,25,18,12,10,66.67,1250.0,4.5,LOTE_GOLD_OFICIAL
112,Papo de Dados Ep. 5: Desvendando Visualizações com Big Numbers e Gráficos Eficazes,Podcast,Business Intelligence,Intermediário,25,18,12,10,66.67,1250.0,4.5,LOTE_GOLD_OFICIAL
113,Análise Prática e Demonstração de Catálogo de Dados Corporativo e Glossário,Vídeo,Segurança & Governança,Avançado,25,18,12,10,66.67,1250.0,4.5,LOTE_GOLD_OFICIAL
114,Solucionando Desafios do Dia a Dia em Modelagem Dimensional Star Schema e Snowflake,Vídeo,Engenharia de Dados,Básico,25,18,12,10,66.67,1250.0,4.5,LOTE_GOLD_OFICIAL
115,Curso Completo de Data Lakehouse e Armazenamento Delta Lake: Da Teoria à Prática,Curso,Engenharia de Dados,Básico,25,18,12,10,66.67,1250.0,4.5,LOTE_GOLD_OFICIAL
116,Como Implementar Monitoramento de Performance e Acompanhamento de Metas Passo a Passo,Vídeo,Business Intelligence,Básico,25,18,12,10,66.67,1250.0,4.5,LOTE_GOLD_OFICIAL
117,Construindo Aplicações Robustas com Detecção de Anomalias em Grandes Volumes,Curso,Ciência de Dados,Básico,25,18,12,10,66.67,1250.0,4.5,LOTE_GOLD_OFICIAL
118,Análise Prática e Demonstração de Arquitetura de Dados Resiliente e Tolerante a Falhas,Vídeo,Engenharia de Dados,Avançado,25,18,12,10,66.67,1250.0,4.5,LOTE_GOLD_OFICIAL
119,Papo de Dados Ep. 114: Desvendando Visualizações com Big Numbers e Gráficos Eficazes,Podcast,Business Intelligence,Intermediário,25,18,12,10,66.67,1250.0,4.5,LOTE_GOLD_OFICIAL
120,Como Obter Alta Performance Utilizando Técnicas de Anonimização e Pseudonimização,Artigo,Segurança & Governança,Intermediário,25,18,12,10,66.67,1250.0,4.5,LOTE_GOLD_OFICIAL
121,Estudo Técnico e Decisões de Arquitetura em Governança de Dados para Aplicações de IA,Artigo,Segurança & Governança,Intermediário,25,18,12,10,66.67,1250.0,4.5,LOTE_GOLD_OFICIAL
122,Formação Prática em Pipelines e Transformações com Apache Hop: Fundamentos e Aplicação,Curso,Engenharia de Dados,Básico,25,18,12,10,66.67,1250.0,4.5,LOTE_GOLD_OFICIAL
123,Guia Rápido e Hands-on: Fundamentos de Deep Learning com PyTorch,Vídeo,Inteligência Artificial,Intermediário,25,18,12,10,66.67,1250.0,4.5,LOTE_GOLD_OFICIAL
124,Solucionando Desafios do Dia a Dia em Monitoramento de Performance e Acompanhamento de Metas,Vídeo,Business Intelligence,Avançado,25,18,12,10,66.67,1250.0,4.5,LOTE_GOLD_OFICIAL
125,Como Implementar Integração Híbrida PostgreSQL e NoSQL MongoDB Passo a Passo,Vídeo,Banco de Dados,Intermediário,25,18,12,10,66.67,1250.0,4.5,LOTE_GOLD_OFICIAL
126,Solucionando Desafios do Dia a Dia em Auditoria e Monitoramento de Logs de Acesso,Vídeo,Segurança & Governança,Avançado,25,18,12,10,66.67,1250.0,4.5,LOTE_GOLD_OFICIAL
127,"Análise Comparativa e Padrões Recomendados em Métricas de Engajamento, Retenção e Conversão",Artigo,Business Intelligence,Básico,25,18,12,10,66.67,1250.0,4.5,LOTE_GOLD_OFICIAL
128,Princípios Essenciais e Arquitetura de Ambientes Reprodutíveis para Aplicações de Dados,Artigo,DevOps & Cloud,Avançado,25,18,12,10,66.67,1250.0,4.5,LOTE_GOLD_OFICIAL
129,Deep Dive Ep. 97: Casos de Sucesso em Pipelines de CI/CD para Engenharia de Dados,Podcast,DevOps & Cloud,Avançado,25,18,12,10,66.67,1250.0,4.5,LOTE_GOLD_OFICIAL
130,Especialização em Engenharia de Recursos e Pré-processamento com Projetos Práticos,Curso,Ciência de Dados,Básico,25,18,12,10,66.67,1250.0,4.5,LOTE_GOLD_OFICIAL
131,Deep Dive Ep. 22: Casos de Sucesso em Métricas de Avaliação de Modelos Preditivos,Podcast,Ciência de Dados,Básico,25,18,12,10,66.67,1250.0,4.5,LOTE_GOLD_OFICIAL
132,Data Insights Ep. 133: Experiências Reais com Embeddings Vetoriais e Representação Semântica,Podcast,Inteligência Artificial,Avançado,25,18,12,10,66.67,1250.0,4.5,LOTE_GOLD_OFICIAL
133,Guia Definitivo e Boas Práticas sobre Dashboards Estratégicos no Apache Superset,Artigo,Business Intelligence,Básico,25,18,12,10,66.67,1250.0,4.5,LOTE_GOLD_OFICIAL
134,Deep Dive Ep. 125: Casos de Sucesso em Arquitetura RAG e Recuperação Semântica,Podcast,Inteligência Artificial,Básico,25,18,12,10,66.67,1250.0,4.5,LOTE_GOLD_OFICIAL
135,Masterclass de Processamento de Linguagem Natural (PLN) para Projetos Reais,Curso,Inteligência Artificial,Básico,25,18,12,10,66.67,1250.0,4.5,LOTE_GOLD_OFICIAL
136,Arquitetura & Código Ep. 109: Inovações em Armazenamento de Documentos com MongoDB,Podcast,Banco de Dados,Básico,25,18,12,10,66.67,1250.0,4.5,LOTE_GOLD_OFICIAL
137,Curso Completo de Gestão de Metadados e Qualidade de Dados Mestres: Da Teoria à Prática,Curso,Segurança & Governança,Intermediário,25,18,12,10,66.67,1250.0,4.5,LOTE_GOLD_OFICIAL
138,Masterclass de Monitoramento de Performance e Acompanhamento de Metas para Projetos Reais,Curso,Business Intelligence,Avançado,25,18,12,10,66.67,1250.0,4.5,LOTE_GOLD_OFICIAL
139,Formação Prática em Estratégias de Indexação e Performance de Bancos: Fundamentos e Aplicação,Curso,Banco de Dados,Avançado,25,18,12,10,66.67,1250.0,4.5,LOTE_GOLD_OFICIAL
140,Como Implementar Orquestração de Microsserviços com Kubernetes Passo a Passo,Vídeo,DevOps & Cloud,Intermediário,25,18,12,10,66.67,1250.0,4.5,LOTE_GOLD_OFICIAL
141,Deep Dive Ep. 135: Casos de Sucesso em Modelagem e Agregações Analíticas no SQL Lab,Podcast,Business Intelligence,Avançado,25,18,12,10,66.67,1250.0,4.5,LOTE_GOLD_OFICIAL
142,"Como Obter Alta Performance Utilizando Ingestão Eficiente de CSV, JSON e Parquet",Artigo,Engenharia de Dados,Avançado,25,18,12,10,66.67,1250.0,4.5,LOTE_GOLD_OFICIAL
143,Princípios Essenciais e Arquitetura de Experimentação e Testes A/B Orientados a Dados,Artigo,Ciência de Dados,Intermediário,25,18,12,10,66.67,1250.0,4.5,LOTE_GOLD_OFICIAL
144,Guia Definitivo e Boas Práticas sobre Governança e Ética em Sistemas de IA,Artigo,Inteligência Artificial,Básico,25,18,12,10,66.67,1250.0,4.5,LOTE_GOLD_OFICIAL
145,Estudo Técnico e Decisões de Arquitetura em Processamento de Linguagem Natural (PLN),Artigo,Inteligência Artificial,Intermediário,25,18,12,10,66.67,1250.0,4.5,LOTE_GOLD_OFICIAL
146,Como Obter Alta Performance Utilizando Padrões de Projeto para Engenharia de Software,Artigo,Programação & Software,Avançado,25,18,12,10,66.67,1250.0,4.5,LOTE_GOLD_OFICIAL
147,Estudo Técnico e Decisões de Arquitetura em Tipagem Estática e Boas Práticas com Mypy,Artigo,Programação & Software,Intermediário,25,18,12,10,66.67,1250.0,4.5,LOTE_GOLD_OFICIAL
148,Construindo Aplicações Robustas com Data Lakehouse e Armazenamento Delta Lake,Curso,Engenharia de Dados,Avançado,25,18,12,10,66.67,1250.0,4.5,LOTE_GOLD_OFICIAL
149,"Data Insights Ep. 1: Experiências Reais com Métricas de Engajamento, Retenção e Conversão",Podcast,Business Intelligence,Intermediário,25,18,12,10,66.67,1250.0,4.5,LOTE_GOLD_OFICIAL
150,Formação Prática em Estatística Descritiva e Inferencial para Decisão: Fundamentos e Aplicação,Curso,Ciência de Dados,Básico,25,18,12,10,66.67,1250.0,4.5,LOTE_GOLD_OFICIAL
151,Especialização em Visualizações com Big Numbers e Gráficos Eficazes com Projetos Práticos,Curso,Business Intelligence,Básico,25,18,12,10,66.67,1250.0,4.5,LOTE_GOLD_OFICIAL
152,Especialização em Governança e Ética em Sistemas de IA com Projetos Práticos,Curso,Inteligência Artificial,Avançado,25,18,12,10,66.67,1250.0,4.5,LOTE_GOLD_OFICIAL
153,"Construindo Aplicações Robustas com Métricas de Engajamento, Retenção e Conversão",Curso,Business Intelligence,Intermediário,25,18,12,10,66.67,1250.0,4.5,LOTE_GOLD_OFICIAL
154,Análise Comparativa e Padrões Recomendados em Consultas e Índices GIN com JSONB no PostgreSQL,Artigo,Banco de Dados,Avançado,25,18,12,10,66.67,1250.0,4.5,LOTE_GOLD_OFICIAL
155,Especialização em Governança de Dados para Aplicações de IA com Projetos Práticos,Curso,Segurança & Governança,Intermediário,25,18,12,10,66.67,1250.0,4.5,LOTE_GOLD_OFICIAL
156,Especialização em Definição de KPIs e Métricas Orientadas a Decisão com Projetos Práticos,Curso,Business Intelligence,Básico,25,18,12,10,66.67,1250.0,4.5,LOTE_GOLD_OFICIAL
157,Análise Prática e Demonstração de Métricas de Avaliação de Modelos Preditivos,Vídeo,Ciência de Dados,Básico,25,18,12,10,66.67,1250.0,4.5,LOTE_GOLD_OFICIAL
158,Papo de Dados Ep. 3: Desvendando Processamento de Linguagem Natural (PLN),Podcast,Inteligência Artificial,Intermediário,25,18,12,10,66.67,1250.0,4.5,LOTE_GOLD_OFICIAL
159,Como Obter Alta Performance Utilizando Engenharia de Recursos e Pré-processamento,Artigo,Ciência de Dados,Intermediário,25,18,12,10,66.67,1250.0,4.5,LOTE_GOLD_OFICIAL
160,Construindo Aplicações Robustas com Fundamentos de Deep Learning com PyTorch,Curso,Inteligência Artificial,Intermediário,25,18,12,10,66.67,1250.0,4.5,LOTE_GOLD_OFICIAL
161,Análise Prática e Demonstração de Otimização de Consultas SQL com EXPLAIN ANALYZE,Vídeo,Banco de Dados,Avançado,25,18,12,10,66.67,1250.0,4.5,LOTE_GOLD_OFICIAL
162,Tech Talk Ep. 93: Melhores Práticas em Pipelines de CI/CD para Engenharia de Dados,Podcast,DevOps & Cloud,Básico,25,18,12,10,66.67,1250.0,4.5,LOTE_GOLD_OFICIAL
163,Melhores Práticas e Arquitetura de Monitoramento de Performance e Acompanhamento de Metas,Vídeo,Business Intelligence,Básico,25,18,12,10,66.67,1250.0,4.5,LOTE_GOLD_OFICIAL
164,Data Insights Ep. 117: Experiências Reais com Data Lakehouse e Armazenamento Delta Lake,Podcast,Engenharia de Dados,Básico,25,18,12,10,66.67,1250.0,4.5,LOTE_GOLD_OFICIAL
165,Solucionando Desafios do Dia a Dia em Definição de KPIs e Métricas Orientadas a Decisão,Vídeo,Business Intelligence,Intermediário,25,18,12,10,66.67,1250.0,4.5,LOTE_GOLD_OFICIAL
166,Como Obter Alta Performance Utilizando Modelagem Relacional Avançada no PostgreSQL,Artigo,Banco de Dados,Básico,25,18,12,10,66.67,1250.0,4.5,LOTE_GOLD_OFICIAL
167,Guia Rápido e Hands-on: Pipelines de Ingestão Batch e Streaming,Vídeo,Engenharia de Dados,Intermediário,25,18,12,10,66.67,1250.0,4.5,LOTE_GOLD_OFICIAL
168,Especialização em Design de Dashboards e Eliminação de Chartjunk com Projetos Práticos,Curso,Business Intelligence,Avançado,25,18,12,10,66.67,1250.0,4.5,LOTE_GOLD_OFICIAL
169,Melhores Práticas e Arquitetura de Mensageria e Streaming com Apache Kafka,Vídeo,Engenharia de Dados,Avançado,25,18,12,10,66.67,1250.0,4.5,LOTE_GOLD_OFICIAL
170,Construindo Aplicações Robustas com Gerenciamento de Ambientes e Segredos em Nuvem,Curso,DevOps & Cloud,Básico,25,18,12,10,66.67,1250.0,4.5,LOTE_GOLD_OFICIAL
171,Curso Completo de Modelagem Dimensional Star Schema e Snowflake: Da Teoria à Prática,Curso,Engenharia de Dados,Intermediário,25,18,12,10,66.67,1250.0,4.5,LOTE_GOLD_OFICIAL
172,Data Insights Ep. 31: Experiências Reais com Processamento de Linguagem Natural (PLN),Podcast,Inteligência Artificial,Básico,25,18,12,10,66.67,1250.0,4.5,LOTE_GOLD_OFICIAL
173,Como Implementar Modelagem e Agregações Analíticas no SQL Lab Passo a Passo,Vídeo,Business Intelligence,Intermediário,25,18,12,10,66.67,1250.0,4.5,LOTE_GOLD_OFICIAL
174,Tech Talk Ep. 51: Melhores Práticas em Infraestrutura como Código com Terraform,Podcast,DevOps & Cloud,Intermediário,25,18,12,10,66.67,1250.0,4.5,LOTE_GOLD_OFICIAL
175,"Deep Dive Ep. 111: Casos de Sucesso em Métricas de Engajamento, Retenção e Conversão",Podcast,Business Intelligence,Intermediário,25,18,12,10,66.67,1250.0,4.5,LOTE_GOLD_OFICIAL
176,Deep Dive Ep. 147: Casos de Sucesso em Pipelines de CI/CD para Engenharia de Dados,Podcast,DevOps & Cloud,Avançado,25,18,12,10,66.67,1250.0,4.5,LOTE_GOLD_OFICIAL
177,Guia Rápido e Hands-on: Segurança de Redes e Controle de Acesso,Vídeo,DevOps & Cloud,Básico,25,18,12,10,66.67,1250.0,4.5,LOTE_GOLD_OFICIAL
178,Melhores Práticas e Arquitetura de Engenharia de Recursos e Pré-processamento,Vídeo,Ciência de Dados,Intermediário,25,18,12,10,66.67,1250.0,4.5,LOTE_GOLD_OFICIAL
179,Curso Completo de Storytelling com Dados para Apresentações Executivas: Da Teoria à Prática,Curso,Business Intelligence,Avançado,25,18,12,10,66.67,1250.0,4.5,LOTE_GOLD_OFICIAL
180,Análise Comparativa e Padrões Recomendados em Sistemas de Recomendação por Similaridade,Artigo,Inteligência Artificial,Avançado,25,18,12,10,66.67,1250.0,4.5,LOTE_GOLD_OFICIAL
181,Curso Completo de Visão Computacional e Processamento de Imagens: Da Teoria à Prática,Curso,Inteligência Artificial,Básico,25,18,12,10,66.67,1250.0,4.5,LOTE_GOLD_OFICIAL
182,Como Obter Alta Performance Utilizando Previsão de Séries Temporais e Tendências,Artigo,Ciência de Dados,Avançado,25,18,12,10,66.67,1250.0,4.5,LOTE_GOLD_OFICIAL
183,Análise Comparativa e Padrões Recomendados em Controle de Acesso Baseado em Papéis (RBAC),Artigo,Segurança & Governança,Intermediário,25,18,12,10,66.67,1250.0,4.5,LOTE_GOLD_OFICIAL
184,"Princípios Essenciais e Arquitetura de Métricas de Engajamento, Retenção e Conversão",Artigo,Business Intelligence,Básico,25,18,12,10,66.67,1250.0,4.5,LOTE_GOLD_OFICIAL
185,"Papo de Dados Ep. 15: Desvendando Ingestão Eficiente de CSV, JSON e Parquet",Podcast,Engenharia de Dados,Básico,25,18,12,10,66.67,1250.0,4.5,LOTE_GOLD_OFICIAL
186,Estudo Técnico e Decisões de Arquitetura em Modelagem Relacional Avançada no PostgreSQL,Artigo,Banco de Dados,Básico,25,18,12,10,66.67,1250.0,4.5,LOTE_GOLD_OFICIAL
187,Construindo Aplicações Robustas com Adequação à LGPD e Proteção de Dados Pessoais,Curso,Segurança & Governança,Básico,25,18,12,10,66.67,1250.0,4.5,LOTE_GOLD_OFICIAL
188,Masterclass de Automação de Servidores Linux e Acesso SSH para Projetos Reais,Curso,DevOps & Cloud,Básico,25,18,12,10,66.67,1250.0,4.5,LOTE_GOLD_OFICIAL
189,Papo de Dados Ep. 108: Desvendando Prevenção contra Vazamentos e Segurança em APIs,Podcast,Segurança & Governança,Avançado,25,18,12,10,66.67,1250.0,4.5,LOTE_GOLD_OFICIAL
190,"Formação Prática em Métricas de Engajamento, Retenção e Conversão: Fundamentos e Aplicação",Curso,Business Intelligence,Básico,25,18,12,10,66.67,1250.0,4.5,LOTE_GOLD_OFICIAL
191,Curso Completo de Interpretabilidade de Modelos com SHAP e LIME: Da Teoria à Prática,Curso,Ciência de Dados,Básico,25,18,12,10,66.67,1250.0,4.5,LOTE_GOLD_OFICIAL
192,Especialização em Data Lakehouse e Armazenamento Delta Lake com Projetos Práticos,Curso,Engenharia de Dados,Básico,25,18,12,10,66.67,1250.0,4.5,LOTE_GOLD_OFICIAL
193,Tech Talk Ep. 63: Melhores Práticas em Processamento de Linguagem Natural (PLN),Podcast,Inteligência Artificial,Intermediário,25,18,12,10,66.67,1250.0,4.5,LOTE_GOLD_OFICIAL
194,Papo de Dados Ep. 39: Desvendando Adequação à LGPD e Proteção de Dados Pessoais,Podcast,Segurança & Governança,Avançado,25,18,12,10,66.67,1250.0,4.5,LOTE_GOLD_OFICIAL
195,Princípios Essenciais e Arquitetura de Governança de Dados para Aplicações de IA,Artigo,Segurança & Governança,Avançado,25,18,12,10,66.67,1250.0,4.5,LOTE_GOLD_OFICIAL
196,Solucionando Desafios do Dia a Dia em Fundamentos de Deep Learning com PyTorch,Vídeo,Inteligência Artificial,Básico,25,18,12,10,66.67,1250.0,4.5,LOTE_GOLD_OFICIAL
197,Papo de Dados Ep. 35: Desvendando Processamento de Linguagem Natural (PLN),Podcast,Inteligência Artificial,Avançado,25,18,12,10,66.67,1250.0,4.5,LOTE_GOLD_OFICIAL
198,Formação Prática em Padrões de Projeto para Engenharia de Software: Fundamentos e Aplicação,Curso,Programação & Software,Intermediário,25,18,12,10,66.67,1250.0,4.5,LOTE_GOLD_OFICIAL
199,Papo de Dados Ep. 102: Desvendando Arquitetura Limpa e Princípios SOLID,Podcast,Programação & Software,Intermediário,25,18,12,10,66.67,1250.0,4.5,LOTE_GOLD_OFICIAL
200,Guia Rápido e Hands-on: Escalabilidade e Gestão de Custos em Cloud,Vídeo,DevOps & Cloud,Intermediário,25,18,12,10,66.67,1250.0,4.5,LOTE_GOLD_OFICIAL
201,Guia Rápido e Hands-on: Definição de KPIs e Métricas Orientadas a Decisão,Vídeo,Business Intelligence,Intermediário,25,18,12,10,66.67,1250.0,4.5,LOTE_GOLD_OFICIAL
202,Deep Dive Ep. 7: Casos de Sucesso em Integração Híbrida PostgreSQL e NoSQL MongoDB,Podcast,Banco de Dados,Básico,25,18,12,10,66.67,1250.0,4.5,LOTE_GOLD_OFICIAL
203,Guia Rápido e Hands-on: Visualizações com Big Numbers e Gráficos Eficazes,Vídeo,Business Intelligence,Avançado,25,18,12,10,66.67,1250.0,4.5,LOTE_GOLD_OFICIAL
204,Como Implementar Detecção de Anomalias em Grandes Volumes Passo a Passo,Vídeo,Ciência de Dados,Avançado,25,18,12,10,66.67,1250.0,4.5,LOTE_GOLD_OFICIAL
205,Curso Completo de Adequação à LGPD e Proteção de Dados Pessoais: Da Teoria à Prática,Curso,Segurança & Governança,Intermediário,25,18,12,10,66.67,1250.0,4.5,LOTE_GOLD_OFICIAL
206,Masterclass de Fundamentos de Deep Learning com PyTorch para Projetos Reais,Curso,Inteligência Artificial,Básico,25,18,12,10,66.67,1250.0,4.5,LOTE_GOLD_OFICIAL
207,Estudo Técnico e Decisões de Arquitetura em Arquitetura Limpa e Princípios SOLID,Artigo,Programação & Software,Avançado,25,18,12,10,66.67,1250.0,4.5,LOTE_GOLD_OFICIAL
208,"Papo de Dados Ep. 104: Desvendando Ingestão Eficiente de CSV, JSON e Parquet",Podcast,Engenharia de Dados,Básico,25,18,12,10,66.67,1250.0,4.5,LOTE_GOLD_OFICIAL
209,Solucionando Desafios do Dia a Dia em Ambientes Reprodutíveis para Aplicações de Dados,Vídeo,DevOps & Cloud,Básico,25,18,12,10,66.67,1250.0,4.5,LOTE_GOLD_OFICIAL
210,Melhores Práticas e Arquitetura de Refatoração de Código e Padrões PEP 8,Vídeo,Programação & Software,Intermediário,25,18,12,10,66.67,1250.0,4.5,LOTE_GOLD_OFICIAL
211,Análise Prática e Demonstração de Controle de Acesso Baseado em Papéis (RBAC),Vídeo,Segurança & Governança,Intermediário,25,18,12,10,66.67,1250.0,4.5,LOTE_GOLD_OFICIAL
212,Guia Definitivo e Boas Práticas sobre Modelos de Linguagem de Larga Escala (LLMs),Artigo,Inteligência Artificial,Avançado,25,18,12,10,66.67,1250.0,4.5,LOTE_GOLD_OFICIAL
213,Curso Completo de Técnicas de Anonimização e Pseudonimização: Da Teoria à Prática,Curso,Segurança & Governança,Avançado,25,18,12,10,66.67,1250.0,4.5,LOTE_GOLD_OFICIAL
214,Análise Comparativa e Padrões Recomendados em Sistemas de Recomendação por Similaridade,Artigo,Inteligência Artificial,Intermediário,25,18,12,10,66.67,1250.0,4.5,LOTE_GOLD_OFICIAL
215,Data Insights Ep. 56: Experiências Reais com Processamento Distribuído com Apache Spark,Podcast,Engenharia de Dados,Intermediário,25,18,12,10,66.67,1250.0,4.5,LOTE_GOLD_OFICIAL
216,Masterclass de Análise Exploratória de Dados com Pandas para Projetos Reais,Curso,Ciência de Dados,Básico,25,18,12,10,66.67,1250.0,4.5,LOTE_GOLD_OFICIAL
217,Guia Definitivo e Boas Práticas sobre Modelagem Relacional Avançada no PostgreSQL,Artigo,Banco de Dados,Intermediário,25,18,12,10,66.67,1250.0,4.5,LOTE_GOLD_OFICIAL
218,Como Obter Alta Performance Utilizando Fine-Tuning de Modelos Fundacionais,Artigo,Inteligência Artificial,Básico,25,18,12,10,66.67,1250.0,4.5,LOTE_GOLD_OFICIAL
219,Como Implementar Interpretabilidade de Modelos com SHAP e LIME Passo a Passo,Vídeo,Ciência de Dados,Intermediário,25,18,12,10,66.67,1250.0,4.5,LOTE_GOLD_OFICIAL
220,Masterclass de Busca Vetorial com pgvector e Índices HNSW para Projetos Reais,Curso,Banco de Dados,Básico,25,18,12,10,66.67,1250.0,4.5,LOTE_GOLD_OFICIAL
221,Data Insights Ep. 4: Experiências Reais com Auditoria e Monitoramento de Logs de Acesso,Podcast,Segurança & Governança,Básico,25,18,12,10,66.67,1250.0,4.5,LOTE_GOLD_OFICIAL
222,Como Obter Alta Performance Utilizando Integração de Conectores com SQLAlchemy e Psycopg3,Artigo,Programação & Software,Avançado,25,18,12,10,66.67,1250.0,4.5,LOTE_GOLD_OFICIAL
223,Como Implementar Auditoria e Monitoramento de Logs de Acesso Passo a Passo,Vídeo,Segurança & Governança,Intermediário,25,18,12,10,66.67,1250.0,4.5,LOTE_GOLD_OFICIAL
224,Estudo Técnico e Decisões de Arquitetura em Design de Dashboards e Eliminação de Chartjunk,Artigo,Business Intelligence,Intermediário,25,18,12,10,66.67,1250.0,4.5,LOTE_GOLD_OFICIAL
225,Especialização em Experimentação e Testes A/B Orientados a Dados com Projetos Práticos,Curso,Ciência de Dados,Básico,25,18,12,10,66.67,1250.0,4.5,LOTE_GOLD_OFICIAL
226,Guia Definitivo e Boas Práticas sobre Tipagem Estática e Boas Práticas com Mypy,Artigo,Programação & Software,Intermediário,25,18,12,10,66.67,1250.0,4.5,LOTE_GOLD_OFICIAL
227,Tech Talk Ep. 131: Melhores Práticas em Modelagem e Agregações Analíticas no SQL Lab,Podcast,Business Intelligence,Básico,25,18,12,10,66.67,1250.0,4.5,LOTE_GOLD_OFICIAL
228,Solucionando Desafios do Dia a Dia em Integração de Conectores com SQLAlchemy e Psycopg3,Vídeo,Programação & Software,Intermediário,25,18,12,10,66.67,1250.0,4.5,LOTE_GOLD_OFICIAL
229,Arquitetura & Código Ep. 79: Inovações em Storytelling com Dados para Apresentações Executivas,Podcast,Business Intelligence,Intermediário,25,18,12,10,66.67,1250.0,4.5,LOTE_GOLD_OFICIAL
230,Arquitetura & Código Ep. 139: Inovações em Modelagem Relacional Avançada no PostgreSQL,Podcast,Banco de Dados,Intermediário,25,18,12,10,66.67,1250.0,4.5,LOTE_GOLD_OFICIAL
231,"Data Insights Ep. 100: Experiências Reais com Python Avançado: POO, Decorators e Geradores",Podcast,Programação & Software,Intermediário,25,18,12,10,66.67,1250.0,4.5,LOTE_GOLD_OFICIAL
232,Como Obter Alta Performance Utilizando Sistemas de Recomendação por Similaridade,Artigo,Inteligência Artificial,Avançado,25,18,12,10,66.67,1250.0,4.5,LOTE_GOLD_OFICIAL
233,Solucionando Desafios do Dia a Dia em Pipelines e Transformações com Apache Hop,Vídeo,Engenharia de Dados,Avançado,25,18,12,10,66.67,1250.0,4.5,LOTE_GOLD_OFICIAL
234,Tech Talk Ep. 128: Melhores Práticas em Refatoração de Código e Padrões PEP 8,Podcast,Programação & Software,Intermediário,25,18,12,10,66.67,1250.0,4.5,LOTE_GOLD_OFICIAL
235,Curso Completo de Auditoria e Monitoramento de Logs de Acesso: Da Teoria à Prática,Curso,Segurança & Governança,Avançado,25,18,12,10,66.67,1250.0,4.5,LOTE_GOLD_OFICIAL
236,Como Implementar Modelagem Relacional Avançada no PostgreSQL Passo a Passo,Vídeo,Banco de Dados,Intermediário,25,18,12,10,66.67,1250.0,4.5,LOTE_GOLD_OFICIAL
237,Solucionando Desafios do Dia a Dia em Storytelling com Dados para Apresentações Executivas,Vídeo,Business Intelligence,Básico,25,18,12,10,66.67,1250.0,4.5,LOTE_GOLD_OFICIAL
238,Como Implementar Storytelling com Dados para Apresentações Executivas Passo a Passo,Vídeo,Business Intelligence,Básico,25,18,12,10,66.67,1250.0,4.5,LOTE_GOLD_OFICIAL
239,Tech Talk Ep. 29: Melhores Práticas em Modelagem e Agregações Analíticas no SQL Lab,Podcast,Business Intelligence,Básico,25,18,12,10,66.67,1250.0,4.5,LOTE_GOLD_OFICIAL
240,Papo de Dados Ep. 74: Desvendando Governança de Dados para Aplicações de IA,Podcast,Segurança & Governança,Básico,25,18,12,10,66.67,1250.0,4.5,LOTE_GOLD_OFICIAL
241,Melhores Práticas e Arquitetura de Storytelling com Dados para Apresentações Executivas,Vídeo,Business Intelligence,Intermediário,25,18,12,10,66.67,1250.0,4.5,LOTE_GOLD_OFICIAL
242,Melhores Práticas e Arquitetura de Fine-Tuning de Modelos Fundacionais,Vídeo,Inteligência Artificial,Avançado,25,18,12,10,66.67,1250.0,4.5,LOTE_GOLD_OFICIAL
243,Especialização em Particionamento e Alta Disponibilidade em Bancos com Projetos Práticos,Curso,Banco de Dados,Avançado,25,18,12,10,66.67,1250.0,4.5,LOTE_GOLD_OFICIAL
244,Melhores Práticas e Arquitetura de Técnicas de Anonimização e Pseudonimização,Vídeo,Segurança & Governança,Básico,25,18,12,10,66.67,1250.0,4.5,LOTE_GOLD_OFICIAL
245,Guia Definitivo e Boas Práticas sobre Técnicas de Anonimização e Pseudonimização,Artigo,Segurança & Governança,Intermediário,25,18,12,10,66.67,1250.0,4.5,LOTE_GOLD_OFICIAL
246,Guia Definitivo e Boas Práticas sobre Estratégias de Indexação e Performance de Bancos,Artigo,Banco de Dados,Básico,25,18,12,10,66.67,1250.0,4.5,LOTE_GOLD_OFICIAL
247,Deep Dive Ep. 49: Casos de Sucesso em Automação de Servidores Linux e Acesso SSH,Podcast,DevOps & Cloud,Avançado,25,18,12,10,66.67,1250.0,4.5,LOTE_GOLD_OFICIAL
248,Tech Talk Ep. 111: Melhores Práticas em Previsão de Séries Temporais e Tendências,Podcast,Ciência de Dados,Intermediário,25,18,12,10,66.67,1250.0,4.5,LOTE_GOLD_OFICIAL
249,Guia Definitivo e Boas Práticas sobre Conteinerização com Docker e Docker Compose,Artigo,DevOps & Cloud,Básico,25,18,12,10,66.67,1250.0,4.5,LOTE_GOLD_OFICIAL
250,Data Insights Ep. 137: Experiências Reais com Arquitetura de Dados Resiliente e Tolerante a Falhas,Podcast,Engenharia de Dados,Intermediário,25,18,12,10,66.67,1250.0,4.5,LOTE_GOLD_OFICIAL
251,Construindo Aplicações Robustas com Controle de Acesso Baseado em Papéis (RBAC),Curso,Segurança & Governança,Avançado,25,18,12,10,66.67,1250.0,4.5,LOTE_GOLD_OFICIAL
252,Masterclass de Processamento Distribuído com Apache Spark para Projetos Reais,Curso,Engenharia de Dados,Básico,25,18,12,10,66.67,1250.0,4.5,LOTE_GOLD_OFICIAL
253,"Princípios Essenciais e Arquitetura de Ingestão Eficiente de CSV, JSON e Parquet",Artigo,Engenharia de Dados,Avançado,25,18,12,10,66.67,1250.0,4.5,LOTE_GOLD_OFICIAL
254,Guia Definitivo e Boas Práticas sobre APIs RESTful de Alta Performance com FastAPI,Artigo,Programação & Software,Básico,25,18,12,10,66.67,1250.0,4.5,LOTE_GOLD_OFICIAL
255,Guia Definitivo e Boas Práticas sobre Storytelling com Dados para Apresentações Executivas,Artigo,Business Intelligence,Intermediário,25,18,12,10,66.67,1250.0,4.5,LOTE_GOLD_OFICIAL
256,Princípios Essenciais e Arquitetura de Experimentação e Testes A/B Orientados a Dados,Artigo,Ciência de Dados,Avançado,25,18,12,10,66.67,1250.0,4.5,LOTE_GOLD_OFICIAL
257,Guia Definitivo e Boas Práticas sobre Governança e Padronização de Painéis de Indicadores,Artigo,Business Intelligence,Avançado,25,18,12,10,66.67,1250.0,4.5,LOTE_GOLD_OFICIAL
258,Formação Prática em Governança e Padronização de Painéis de Indicadores: Fundamentos e Aplicação,Curso,Business Intelligence,Avançado,25,18,12,10,66.67,1250.0,4.5,LOTE_GOLD_OFICIAL
259,Guia Rápido e Hands-on: Detecção de Anomalias em Grandes Volumes,Vídeo,Ciência de Dados,Avançado,25,18,12,10,66.67,1250.0,4.5,LOTE_GOLD_OFICIAL
260,Deep Dive Ep. 84: Casos de Sucesso em Orquestração de Microsserviços com Kubernetes,Podcast,DevOps & Cloud,Intermediário,25,18,12,10,66.67,1250.0,4.5,LOTE_GOLD_OFICIAL
261,Deep Dive Ep. 3: Casos de Sucesso em Storytelling com Dados para Apresentações Executivas,Podcast,Business Intelligence,Avançado,25,18,12,10,66.67,1250.0,4.5,LOTE_GOLD_OFICIAL
262,Construindo Aplicações Robustas com Tipagem Estática e Boas Práticas com Mypy,Curso,Programação & Software,Intermediário,25,18,12,10,66.67,1250.0,4.5,LOTE_GOLD_OFICIAL
263,Como Obter Alta Performance Utilizando Integração Híbrida PostgreSQL e NoSQL MongoDB,Artigo,Banco de Dados,Intermediário,25,18,12,10,66.67,1250.0,4.5,LOTE_GOLD_OFICIAL
264,Análise Prática e Demonstração de Dashboards Estratégicos no Apache Superset,Vídeo,Business Intelligence,Avançado,25,18,12,10,66.67,1250.0,4.5,LOTE_GOLD_OFICIAL
265,Deep Dive Ep. 74: Casos de Sucesso em Conteinerização com Docker e Docker Compose,Podcast,DevOps & Cloud,Intermediário,25,18,12,10,66.67,1250.0,4.5,LOTE_GOLD_OFICIAL
266,Curso Completo de Modelagem e Agregações Analíticas no SQL Lab: Da Teoria à Prática,Curso,Business Intelligence,Básico,25,18,12,10,66.67,1250.0,4.5,LOTE_GOLD_OFICIAL
267,Especialização em Controle de Acesso Baseado em Papéis (RBAC) com Projetos Práticos,Curso,Segurança & Governança,Intermediário,25,18,12,10,66.67,1250.0,4.5,LOTE_GOLD_OFICIAL
268,Data Insights Ep. 70: Experiências Reais com Fine-Tuning de Modelos Fundacionais,Podcast,Inteligência Artificial,Básico,25,18,12,10,66.67,1250.0,4.5,LOTE_GOLD_OFICIAL
269,Especialização em Previsão de Séries Temporais e Tendências com Projetos Práticos,Curso,Ciência de Dados,Básico,25,18,12,10,66.67,1250.0,4.5,LOTE_GOLD_OFICIAL
270,Como Obter Alta Performance Utilizando Experimentação e Testes A/B Orientados a Dados,Artigo,Ciência de Dados,Avançado,25,18,12,10,66.67,1250.0,4.5,LOTE_GOLD_OFICIAL
271,Especialização em Criptografia de Dados em Repouso e em Trânsito com Projetos Práticos,Curso,Segurança & Governança,Intermediário,25,18,12,10,66.67,1250.0,4.5,LOTE_GOLD_OFICIAL
272,Guia Definitivo e Boas Práticas sobre Estruturas de Dados e Algoritmos Eficientes,Artigo,Programação & Software,Intermediário,25,18,12,10,66.67,1250.0,4.5,LOTE_GOLD_OFICIAL
273,Como Obter Alta Performance Utilizando Infraestrutura como Código com Terraform,Artigo,DevOps & Cloud,Avançado,25,18,12,10,66.67,1250.0,4.5,LOTE_GOLD_OFICIAL
274,Estudo Técnico e Decisões de Arquitetura em Governança de Dados para Aplicações de IA,Artigo,Segurança & Governança,Avançado,25,18,12,10,66.67,1250.0,4.5,LOTE_GOLD_OFICIAL
275,Deep Dive Ep. 148: Casos de Sucesso em Prevenção contra Vazamentos e Segurança em APIs,Podcast,Segurança & Governança,Intermediário,25,18,12,10,66.67,1250.0,4.5,LOTE_GOLD_OFICIAL
276,Data Insights Ep. 82: Experiências Reais com Prevenção contra Vazamentos e Segurança em APIs,Podcast,Segurança & Governança,Avançado,25,18,12,10,66.67,1250.0,4.5,LOTE_GOLD_OFICIAL
277,Data Insights Ep. 136: Experiências Reais com Mensageria e Streaming com Apache Kafka,Podcast,Engenharia de Dados,Intermediário,25,18,12,10,66.67,1250.0,4.5,LOTE_GOLD_OFICIAL
278,"Arquitetura & Código Ep. 129: Inovações em Ingestão Eficiente de CSV, JSON e Parquet",Podcast,Engenharia de Dados,Avançado,25,18,12,10,66.67,1250.0,4.5,LOTE_GOLD_OFICIAL
279,Deep Dive Ep. 117: Casos de Sucesso em Consultas e Índices GIN com JSONB no PostgreSQL,Podcast,Banco de Dados,Intermediário,25,18,12,10,66.67,1250.0,4.5,LOTE_GOLD_OFICIAL
280,Como Obter Alta Performance Utilizando Clusterização e Segmentação de Perfis,Artigo,Ciência de Dados,Avançado,25,18,12,10,66.67,1250.0,4.5,LOTE_GOLD_OFICIAL
281,Masterclass de Embeddings Vetoriais e Representação Semântica para Projetos Reais,Curso,Inteligência Artificial,Básico,25,18,12,10,66.67,1250.0,4.5,LOTE_GOLD_OFICIAL
282,Deep Dive Ep. 11: Casos de Sucesso em Conteinerização com Docker e Docker Compose,Podcast,DevOps & Cloud,Intermediário,25,18,12,10,66.67,1250.0,4.5,LOTE_GOLD_OFICIAL
283,Arquitetura & Código Ep. 23: Inovações em Monitoramento com Prometheus e Grafana,Podcast,DevOps & Cloud,Intermediário,25,18,12,10,66.67,1250.0,4.5,LOTE_GOLD_OFICIAL
284,Guia Rápido e Hands-on: Interpretabilidade de Modelos com SHAP e LIME,Vídeo,Ciência de Dados,Básico,25,18,12,10,66.67,1250.0,4.5,LOTE_GOLD_OFICIAL
285,Como Obter Alta Performance Utilizando Visão Computacional e Processamento de Imagens,Artigo,Inteligência Artificial,Básico,25,18,12,10,66.67,1250.0,4.5,LOTE_GOLD_OFICIAL
286,Guia Rápido e Hands-on: Prevenção contra Vazamentos e Segurança em APIs,Vídeo,Segurança & Governança,Intermediário,25,18,12,10,66.67,1250.0,4.5,LOTE_GOLD_OFICIAL
287,Tech Talk Ep. 36: Melhores Práticas em Visão Computacional e Processamento de Imagens,Podcast,Inteligência Artificial,Intermediário,25,18,12,10,66.67,1250.0,4.5,LOTE_GOLD_OFICIAL
288,Estudo Técnico e Decisões de Arquitetura em Infraestrutura como Código com Terraform,Artigo,DevOps & Cloud,Avançado,25,18,12,10,66.67,1250.0,4.5,LOTE_GOLD_OFICIAL
289,Data Insights Ep. 58: Experiências Reais com Storytelling com Dados para Apresentações Executivas,Podcast,Business Intelligence,Básico,25,18,12,10,66.67,1250.0,4.5,LOTE_GOLD_OFICIAL
290,Como Obter Alta Performance Utilizando Integração Híbrida PostgreSQL e NoSQL MongoDB,Artigo,Banco de Dados,Básico,25,18,12,10,66.67,1250.0,4.5,LOTE_GOLD_OFICIAL
291,Melhores Práticas e Arquitetura de Escalabilidade e Gestão de Custos em Cloud,Vídeo,DevOps & Cloud,Básico,25,18,12,10,66.67,1250.0,4.5,LOTE_GOLD_OFICIAL
292,Guia Definitivo e Boas Práticas sobre Controle de Acesso Baseado em Papéis (RBAC),Artigo,Segurança & Governança,Intermediário,25,18,12,10,66.67,1250.0,4.5,LOTE_GOLD_OFICIAL
293,Análise Prática e Demonstração de Técnicas de Anonimização e Pseudonimização,Vídeo,Segurança & Governança,Básico,25,18,12,10,66.67,1250.0,4.5,LOTE_GOLD_OFICIAL
294,Como Implementar Tipagem Estática e Boas Práticas com Mypy Passo a Passo,Vídeo,Programação & Software,Básico,25,18,12,10,66.67,1250.0,4.5,LOTE_GOLD_OFICIAL
295,Análise Comparativa e Padrões Recomendados em Métricas de Avaliação de Modelos Preditivos,Artigo,Ciência de Dados,Avançado,25,18,12,10,66.67,1250.0,4.5,LOTE_GOLD_OFICIAL
296,Especialização em Infraestrutura como Código com Terraform com Projetos Práticos,Curso,DevOps & Cloud,Avançado,25,18,12,10,66.67,1250.0,4.5,LOTE_GOLD_OFICIAL
297,Construindo Aplicações Robustas com Gerenciamento de Ambientes e Segredos em Nuvem,Curso,DevOps & Cloud,Básico,25,18,12,10,66.67,1250.0,4.5,LOTE_GOLD_OFICIAL
298,Data Insights Ep. 94: Experiências Reais com Visão Computacional e Processamento de Imagens,Podcast,Inteligência Artificial,Intermediário,25,18,12,10,66.67,1250.0,4.5,LOTE_GOLD_OFICIAL
299,Melhores Práticas e Arquitetura de Previsão de Séries Temporais e Tendências,Vídeo,Ciência de Dados,Avançado,25,18,12,10,66.67,1250.0,4.5,LOTE_GOLD_OFICIAL
300,Melhores Práticas e Arquitetura de Tipagem Estática e Boas Práticas com Mypy,Vídeo,Programação & Software,Intermediário,25,18,12,10,66.67,1250.0,4.5,LOTE_GOLD_OFICIAL
301,Análise Prática e Demonstração de Engenharia de Recursos e Pré-processamento,Vídeo,Ciência de Dados,Avançado,25,18,12,10,66.67,1250.0,4.5,LOTE_GOLD_OFICIAL
302,Masterclass de APIs RESTful de Alta Performance com FastAPI para Projetos Reais,Curso,Programação & Software,Avançado,25,18,12,10,66.67,1250.0,4.5,LOTE_GOLD_OFICIAL
303,Guia Rápido e Hands-on: Monitoramento com Prometheus e Grafana,Vídeo,DevOps & Cloud,Avançado,25,18,12,10,66.67,1250.0,4.5,LOTE_GOLD_OFICIAL
304,Análise Comparativa e Padrões Recomendados em Orquestração de Microsserviços com Kubernetes,Artigo,DevOps & Cloud,Avançado,25,18,12,10,66.67,1250.0,4.5,LOTE_GOLD_OFICIAL
305,Como Implementar Estratégias de Indexação e Performance de Bancos Passo a Passo,Vídeo,Banco de Dados,Avançado,25,18,12,10,66.67,1250.0,4.5,LOTE_GOLD_OFICIAL
306,Deep Dive Ep. 114: Casos de Sucesso em Fundamentos de Deep Learning com PyTorch,Podcast,Inteligência Artificial,Avançado,25,18,12,10,66.67,1250.0,4.5,LOTE_GOLD_OFICIAL
307,Deep Dive Ep. 2: Casos de Sucesso em Infraestrutura como Código com Terraform,Podcast,DevOps & Cloud,Intermediário,25,18,12,10,66.67,1250.0,4.5,LOTE_GOLD_OFICIAL
308,Papo de Dados Ep. 142: Desvendando Mensageria e Streaming com Apache Kafka,Podcast,Engenharia de Dados,Avançado,25,18,12,10,66.67,1250.0,4.5,LOTE_GOLD_OFICIAL
309,Tech Talk Ep. 149: Melhores Práticas em Engenharia de Prompts e Agentes Inteligentes,Podcast,Inteligência Artificial,Intermediário,25,18,12,10,66.67,1250.0,4.5,LOTE_GOLD_OFICIAL
310,Papo de Dados Ep. 121: Desvendando Pipelines de CI/CD para Engenharia de Dados,Podcast,DevOps & Cloud,Intermediário,25,18,12,10,66.67,1250.0,4.5,LOTE_GOLD_OFICIAL
311,"Masterclass de Ingestão Eficiente de CSV, JSON e Parquet para Projetos Reais",Curso,Engenharia de Dados,Intermediário,25,18,12,10,66.67,1250.0,4.5,LOTE_GOLD_OFICIAL
312,Tech Talk Ep. 127: Melhores Práticas em Storytelling com Dados para Apresentações Executivas,Podcast,Business Intelligence,Intermediário,25,18,12,10,66.67,1250.0,4.5,LOTE_GOLD_OFICIAL
313,Curso Completo de Modelagem e Agregações Analíticas no SQL Lab: Da Teoria à Prática,Curso,Business Intelligence,Básico,25,18,12,10,66.67,1250.0,4.5,LOTE_GOLD_OFICIAL
314,Tech Talk Ep. 44: Melhores Práticas em Visão Computacional e Processamento de Imagens,Podcast,Inteligência Artificial,Avançado,25,18,12,10,66.67,1250.0,4.5,LOTE_GOLD_OFICIAL
315,Análise Prática e Demonstração de Sistemas de Recomendação por Similaridade,Vídeo,Inteligência Artificial,Avançado,25,18,12,10,66.67,1250.0,4.5,LOTE_GOLD_OFICIAL
316,"Melhores Práticas e Arquitetura de Python Avançado: POO, Decorators e Geradores",Vídeo,Programação & Software,Intermediário,25,18,12,10,66.67,1250.0,4.5,LOTE_GOLD_OFICIAL
317,Melhores Práticas e Arquitetura de Estatística Descritiva e Inferencial para Decisão,Vídeo,Ciência de Dados,Avançado,25,18,12,10,66.67,1250.0,4.5,LOTE_GOLD_OFICIAL
318,Formação Prática em Machine Learning Supervisionado com Scikit-Learn: Fundamentos e Aplicação,Curso,Ciência de Dados,Intermediário,25,18,12,10,66.67,1250.0,4.5,LOTE_GOLD_OFICIAL
319,Especialização em Sistemas de Recomendação por Similaridade com Projetos Práticos,Curso,Inteligência Artificial,Avançado,25,18,12,10,66.67,1250.0,4.5,LOTE_GOLD_OFICIAL
320,Arquitetura & Código Ep. 111: Inovações em Prevenção contra Vazamentos e Segurança em APIs,Podcast,Segurança & Governança,Básico,25,18,12,10,66.67,1250.0,4.5,LOTE_GOLD_OFICIAL
321,Papo de Dados Ep. 49: Desvendando Auditoria e Monitoramento de Logs de Acesso,Podcast,Segurança & Governança,Avançado,25,18,12,10,66.67,1250.0,4.5,LOTE_GOLD_OFICIAL
322,Melhores Práticas e Arquitetura de Tipagem Estática e Boas Práticas com Mypy,Vídeo,Programação & Software,Avançado,25,18,12,10,66.67,1250.0,4.5,LOTE_GOLD_OFICIAL
323,Data Insights Ep. 118: Experiências Reais com Detecção de Anomalias em Grandes Volumes,Podcast,Ciência de Dados,Intermediário,25,18,12,10,66.67,1250.0,4.5,LOTE_GOLD_OFICIAL
324,Princípios Essenciais e Arquitetura de Gestão de Metadados e Qualidade de Dados Mestres,Artigo,Segurança & Governança,Avançado,25,18,12,10,66.67,1250.0,4.5,LOTE_GOLD_OFICIAL
325,Estudo Técnico e Decisões de Arquitetura em Clusterização e Segmentação de Perfis,Artigo,Ciência de Dados,Avançado,25,18,12,10,66.67,1250.0,4.5,LOTE_GOLD_OFICIAL
326,Guia Definitivo e Boas Práticas sobre APIs RESTful de Alta Performance com FastAPI,Artigo,Programação & Software,Avançado,25,18,12,10,66.67,1250.0,4.5,LOTE_GOLD_OFICIAL
327,Guia Rápido e Hands-on: Embeddings Vetoriais e Representação Semântica,Vídeo,Inteligência Artificial,Avançado,25,18,12,10,66.67,1250.0,4.5,LOTE_GOLD_OFICIAL
328,Princípios Essenciais e Arquitetura de Processamento de Linguagem Natural (PLN),Artigo,Inteligência Artificial,Básico,25,18,12,10,66.67,1250.0,4.5,LOTE_GOLD_OFICIAL
329,Data Insights Ep. 68: Experiências Reais com Práticas de DataOps e Qualidade de Dados,Podcast,Engenharia de Dados,Avançado,25,18,12,10,66.67,1250.0,4.5,LOTE_GOLD_OFICIAL
330,Data Insights Ep. 23: Experiências Reais com Clusterização e Segmentação de Perfis,Podcast,Ciência de Dados,Intermediário,25,18,12,10,66.67,1250.0,4.5,LOTE_GOLD_OFICIAL
331,Análise Prática e Demonstração de Gerenciamento de Ambientes e Segredos em Nuvem,Vídeo,DevOps & Cloud,Avançado,25,18,12,10,66.67,1250.0,4.5,LOTE_GOLD_OFICIAL
332,Estudo Técnico e Decisões de Arquitetura em Catálogo de Dados Corporativo e Glossário,Artigo,Segurança & Governança,Avançado,25,18,12,10,66.67,1250.0,4.5,LOTE_GOLD_OFICIAL
333,Masterclass de Particionamento e Alta Disponibilidade em Bancos para Projetos Reais,Curso,Banco de Dados,Intermediário,25,18,12,10,66.67,1250.0,4.5,LOTE_GOLD_OFICIAL
334,Arquitetura & Código Ep. 124: Inovações em Auditoria e Monitoramento de Logs de Acesso,Podcast,Segurança & Governança,Intermediário,25,18,12,10,66.67,1250.0,4.5,LOTE_GOLD_OFICIAL
335,Data Insights Ep. 140: Experiências Reais com Machine Learning Supervisionado com Scikit-Learn,Podcast,Ciência de Dados,Intermediário,25,18,12,10,66.67,1250.0,4.5,LOTE_GOLD_OFICIAL
336,Princípios Essenciais e Arquitetura de Arquitetura de Dados Resiliente e Tolerante a Falhas,Artigo,Engenharia de Dados,Avançado,25,18,12,10,66.67,1250.0,4.5,LOTE_GOLD_OFICIAL
337,Como Obter Alta Performance Utilizando Concorrência e Assincronismo com Asyncio,Artigo,Programação & Software,Básico,25,18,12,10,66.67,1250.0,4.5,LOTE_GOLD_OFICIAL
338,Curso Completo de Data Lakehouse e Armazenamento Delta Lake: Da Teoria à Prática,Curso,Engenharia de Dados,Intermediário,25,18,12,10,66.67,1250.0,4.5,LOTE_GOLD_OFICIAL
339,Especialização em Prevenção contra Vazamentos e Segurança em APIs com Projetos Práticos,Curso,Segurança & Governança,Básico,25,18,12,10,66.67,1250.0,4.5,LOTE_GOLD_OFICIAL
340,Como Implementar Controle de Acesso Baseado em Papéis (RBAC) Passo a Passo,Vídeo,Segurança & Governança,Intermediário,25,18,12,10,66.67,1250.0,4.5,LOTE_GOLD_OFICIAL
341,Tech Talk Ep. 137: Melhores Práticas em Práticas de DataOps e Qualidade de Dados,Podcast,Engenharia de Dados,Intermediário,25,18,12,10,66.67,1250.0,4.5,LOTE_GOLD_OFICIAL
342,Como Obter Alta Performance Utilizando Governança e Ética em Sistemas de IA,Artigo,Inteligência Artificial,Básico,25,18,12,10,66.67,1250.0,4.5,LOTE_GOLD_OFICIAL
343,Data Insights Ep. 12: Experiências Reais com Fundamentos de Deep Learning com PyTorch,Podcast,Inteligência Artificial,Intermediário,25,18,12,10,66.67,1250.0,4.5,LOTE_GOLD_OFICIAL
344,Tech Talk Ep. 100: Melhores Práticas em Sistemas de Recomendação por Similaridade,Podcast,Inteligência Artificial,Básico,25,18,12,10,66.67,1250.0,4.5,LOTE_GOLD_OFICIAL
345,Como Implementar Embeddings Vetoriais e Representação Semântica Passo a Passo,Vídeo,Inteligência Artificial,Avançado,25,18,12,10,66.67,1250.0,4.5,LOTE_GOLD_OFICIAL
346,Data Insights Ep. 147: Experiências Reais com Filtros Interativos e Exploração Granular em BI,Podcast,Business Intelligence,Avançado,25,18,12,10,66.67,1250.0,4.5,LOTE_GOLD_OFICIAL
347,Como Obter Alta Performance Utilizando Busca Vetorial com pgvector e Índices HNSW,Artigo,Banco de Dados,Básico,25,18,12,10,66.67,1250.0,4.5,LOTE_GOLD_OFICIAL
348,Estudo Técnico e Decisões de Arquitetura em Governança e Ética em Sistemas de IA,Artigo,Inteligência Artificial,Intermediário,25,18,12,10,66.67,1250.0,4.5,LOTE_GOLD_OFICIAL
349,Como Implementar Embeddings Vetoriais e Representação Semântica Passo a Passo,Vídeo,Inteligência Artificial,Básico,25,18,12,10,66.67,1250.0,4.5,LOTE_GOLD_OFICIAL
350,Estudo Técnico e Decisões de Arquitetura em Integração de Conectores com SQLAlchemy e Psycopg3,Artigo,Programação & Software,Básico,25,18,12,10,66.67,1250.0,4.5,LOTE_GOLD_OFICIAL
351,Masterclass de Pipelines e Transformações com Apache Hop para Projetos Reais,Curso,Engenharia de Dados,Intermediário,25,18,12,10,66.67,1250.0,4.5,LOTE_GOLD_OFICIAL
352,Como Obter Alta Performance Utilizando Análise Exploratória de Dados com Pandas,Artigo,Ciência de Dados,Básico,25,18,12,10,66.67,1250.0,4.5,LOTE_GOLD_OFICIAL
353,Data Insights Ep. 130: Experiências Reais com Criptografia de Dados em Repouso e em Trânsito,Podcast,Segurança & Governança,Intermediário,25,18,12,10,66.67,1250.0,4.5,LOTE_GOLD_OFICIAL
354,Curso Completo de Modelos de Linguagem de Larga Escala (LLMs): Da Teoria à Prática,Curso,Inteligência Artificial,Avançado,25,18,12,10,66.67,1250.0,4.5,LOTE_GOLD_OFICIAL
355,Formação Prática em Análise Exploratória de Dados com Pandas: Fundamentos e Aplicação,Curso,Ciência de Dados,Intermediário,25,18,12,10,66.67,1250.0,4.5,LOTE_GOLD_OFICIAL
356,Especialização em Otimização de Consultas SQL com EXPLAIN ANALYZE com Projetos Práticos,Curso,Banco de Dados,Intermediário,25,18,12,10,66.67,1250.0,4.5,LOTE_GOLD_OFICIAL
357,Guia Rápido e Hands-on: Data Lakehouse e Armazenamento Delta Lake,Vídeo,Engenharia de Dados,Intermediário,25,18,12,10,66.67,1250.0,4.5,LOTE_GOLD_OFICIAL
358,Masterclass de Storytelling com Dados para Apresentações Executivas para Projetos Reais,Curso,Business Intelligence,Básico,25,18,12,10,66.67,1250.0,4.5,LOTE_GOLD_OFICIAL
359,Masterclass de Engenharia de Prompts e Agentes Inteligentes para Projetos Reais,Curso,Inteligência Artificial,Básico,25,18,12,10,66.67,1250.0,4.5,LOTE_GOLD_OFICIAL
360,Formação Prática em Modelagem Relacional Avançada no PostgreSQL: Fundamentos e Aplicação,Curso,Banco de Dados,Avançado,25,18,12,10,66.67,1250.0,4.5,LOTE_GOLD_OFICIAL
361,Solucionando Desafios do Dia a Dia em Transações ACID e Controle de Concorrência,Vídeo,Banco de Dados,Básico,25,18,12,10,66.67,1250.0,4.5,LOTE_GOLD_OFICIAL
362,Princípios Essenciais e Arquitetura de Auditoria e Monitoramento de Logs de Acesso,Artigo,Segurança & Governança,Básico,25,18,12,10,66.67,1250.0,4.5,LOTE_GOLD_OFICIAL
363,Análise Comparativa e Padrões Recomendados em Fundamentos de Deep Learning com PyTorch,Artigo,Inteligência Artificial,Avançado,25,18,12,10,66.67,1250.0,4.5,LOTE_GOLD_OFICIAL
364,Análise Prática e Demonstração de Pipelines e Transformações com Apache Hop,Vídeo,Engenharia de Dados,Básico,25,18,12,10,66.67,1250.0,4.5,LOTE_GOLD_OFICIAL
365,Tech Talk Ep. 53: Melhores Práticas em Sistemas de Recomendação por Similaridade,Podcast,Inteligência Artificial,Avançado,25,18,12,10,66.67,1250.0,4.5,LOTE_GOLD_OFICIAL
366,Construindo Aplicações Robustas com Pipelines de Ingestão Batch e Streaming,Curso,Engenharia de Dados,Básico,25,18,12,10,66.67,1250.0,4.5,LOTE_GOLD_OFICIAL
367,Como Implementar Visão Computacional e Processamento de Imagens Passo a Passo,Vídeo,Inteligência Artificial,Básico,25,18,12,10,66.67,1250.0,4.5,LOTE_GOLD_OFICIAL
368,Guia Rápido e Hands-on: Modelos de Linguagem de Larga Escala (LLMs),Vídeo,Inteligência Artificial,Avançado,25,18,12,10,66.67,1250.0,4.5,LOTE_GOLD_OFICIAL
369,Data Insights Ep. 50: Experiências Reais com Governança e Ética em Sistemas de IA,Podcast,Inteligência Artificial,Avançado,25,18,12,10,66.67,1250.0,4.5,LOTE_GOLD_OFICIAL
370,Guia Definitivo e Boas Práticas sobre Armazenamento de Documentos com MongoDB,Artigo,Banco de Dados,Avançado,25,18,12,10,66.67,1250.0,4.5,LOTE_GOLD_OFICIAL
371,Data Insights Ep. 68: Experiências Reais com Integração Híbrida PostgreSQL e NoSQL MongoDB,Podcast,Banco de Dados,Avançado,25,18,12,10,66.67,1250.0,4.5,LOTE_GOLD_OFICIAL
372,Arquitetura & Código Ep. 29: Inovações em Catálogo de Dados Corporativo e Glossário,Podcast,Segurança & Governança,Básico,25,18,12,10,66.67,1250.0,4.5,LOTE_GOLD_OFICIAL
373,Formação Prática em Sistemas de Recomendação por Similaridade: Fundamentos e Aplicação,Curso,Inteligência Artificial,Avançado,25,18,12,10,66.67,1250.0,4.5,LOTE_GOLD_OFICIAL
374,Estudo Técnico e Decisões de Arquitetura em Governança e Ética em Sistemas de IA,Artigo,Inteligência Artificial,Intermediário,25,18,12,10,66.67,1250.0,4.5,LOTE_GOLD_OFICIAL
375,Princípios Essenciais e Arquitetura de Arquitetura de Dados Resiliente e Tolerante a Falhas,Artigo,Engenharia de Dados,Avançado,25,18,12,10,66.67,1250.0,4.5,LOTE_GOLD_OFICIAL
376,Guia Definitivo e Boas Práticas sobre Arquitetura RAG e Recuperação Semântica,Artigo,Inteligência Artificial,Avançado,25,18,12,10,66.67,1250.0,4.5,LOTE_GOLD_OFICIAL
377,Tech Talk Ep. 9: Melhores Práticas em Governança e Padronização de Painéis de Indicadores,Podcast,Business Intelligence,Avançado,25,18,12,10,66.67,1250.0,4.5,LOTE_GOLD_OFICIAL
378,Como Obter Alta Performance Utilizando Fine-Tuning de Modelos Fundacionais,Artigo,Inteligência Artificial,Básico,25,18,12,10,66.67,1250.0,4.5,LOTE_GOLD_OFICIAL
379,Formação Prática em Governança e Ética em Sistemas de IA: Fundamentos e Aplicação,Curso,Inteligência Artificial,Intermediário,25,18,12,10,66.67,1250.0,4.5,LOTE_GOLD_OFICIAL
380,Princípios Essenciais e Arquitetura de Integração de Conectores com SQLAlchemy e Psycopg3,Artigo,Programação & Software,Intermediário,25,18,12,10,66.67,1250.0,4.5,LOTE_GOLD_OFICIAL
381,Data Insights Ep. 33: Experiências Reais com Testes Automatizados e TDD com Pytest,Podcast,Programação & Software,Básico,25,18,12,10,66.67,1250.0,4.5,LOTE_GOLD_OFICIAL
382,Tech Talk Ep. 99: Melhores Práticas em Mensageria e Streaming com Apache Kafka,Podcast,Engenharia de Dados,Básico,25,18,12,10,66.67,1250.0,4.5,LOTE_GOLD_OFICIAL
383,Curso Completo de Processamento Distribuído com Apache Spark: Da Teoria à Prática,Curso,Engenharia de Dados,Básico,25,18,12,10,66.67,1250.0,4.5,LOTE_GOLD_OFICIAL
384,Curso Completo de Adequação à LGPD e Proteção de Dados Pessoais: Da Teoria à Prática,Curso,Segurança & Governança,Avançado,25,18,12,10,66.67,1250.0,4.5,LOTE_GOLD_OFICIAL
385,Arquitetura & Código Ep. 35: Inovações em Modelos de Linguagem de Larga Escala (LLMs),Podcast,Inteligência Artificial,Básico,25,18,12,10,66.67,1250.0,4.5,LOTE_GOLD_OFICIAL
386,Análise Prática e Demonstração de Consultas e Índices GIN com JSONB no PostgreSQL,Vídeo,Banco de Dados,Avançado,25,18,12,10,66.67,1250.0,4.5,LOTE_GOLD_OFICIAL
387,Construindo Aplicações Robustas com Filtros Interativos e Exploração Granular em BI,Curso,Business Intelligence,Básico,25,18,12,10,66.67,1250.0,4.5,LOTE_GOLD_OFICIAL
388,Curso Completo de Experimentação e Testes A/B Orientados a Dados: Da Teoria à Prática,Curso,Ciência de Dados,Básico,25,18,12,10,66.67,1250.0,4.5,LOTE_GOLD_OFICIAL
389,Construindo Aplicações Robustas com Fine-Tuning de Modelos Fundacionais,Curso,Inteligência Artificial,Intermediário,25,18,12,10,66.67,1250.0,4.5,LOTE_GOLD_OFICIAL
390,Masterclass de Estruturas de Dados e Algoritmos Eficientes para Projetos Reais,Curso,Programação & Software,Básico,25,18,12,10,66.67,1250.0,4.5,LOTE_GOLD_OFICIAL
391,Análise Comparativa e Padrões Recomendados em Padrões de Projeto para Engenharia de Software,Artigo,Programação & Software,Avançado,25,18,12,10,66.67,1250.0,4.5,LOTE_GOLD_OFICIAL
392,Princípios Essenciais e Arquitetura de Testes Automatizados e TDD com Pytest,Artigo,Programação & Software,Básico,25,18,12,10,66.67,1250.0,4.5,LOTE_GOLD_OFICIAL
393,Data Insights Ep. 94: Experiências Reais com Transações ACID e Controle de Concorrência,Podcast,Banco de Dados,Intermediário,25,18,12,10,66.67,1250.0,4.5,LOTE_GOLD_OFICIAL
394,Formação Prática em Análise Exploratória de Dados com Pandas: Fundamentos e Aplicação,Curso,Ciência de Dados,Básico,25,18,12,10,66.67,1250.0,4.5,LOTE_GOLD_OFICIAL
395,Como Obter Alta Performance Utilizando Estratégias de Indexação e Performance de Bancos,Artigo,Banco de Dados,Intermediário,25,18,12,10,66.67,1250.0,4.5,LOTE_GOLD_OFICIAL
396,Análise Prática e Demonstração de Storytelling com Dados para Apresentações Executivas,Vídeo,Business Intelligence,Básico,25,18,12,10,66.67,1250.0,4.5,LOTE_GOLD_OFICIAL
397,Formação Prática em Escalabilidade e Gestão de Custos em Cloud: Fundamentos e Aplicação,Curso,DevOps & Cloud,Intermediário,25,18,12,10,66.67,1250.0,4.5,LOTE_GOLD_OFICIAL
398,Masterclass de Criptografia de Dados em Repouso e em Trânsito para Projetos Reais,Curso,Segurança & Governança,Básico,25,18,12,10,66.67,1250.0,4.5,LOTE_GOLD_OFICIAL
399,Tech Talk Ep. 74: Melhores Práticas em Pipelines e Transformações com Apache Hop,Podcast,Engenharia de Dados,Intermediário,25,18,12,10,66.67,1250.0,4.5,LOTE_GOLD_OFICIAL
400,Solucionando Desafios do Dia a Dia em Integração de Conectores com SQLAlchemy e Psycopg3,Vídeo,Programação & Software,Intermediário,25,18,12,10,66.67,1250.0,4.5,LOTE_GOLD_OFICIAL
401,Guia Definitivo e Boas Práticas sobre Sistemas de Recomendação por Similaridade,Artigo,Inteligência Artificial,Avançado,25,18,12,10,66.67,1250.0,4.5,LOTE_GOLD_OFICIAL
402,Formação Prática em Infraestrutura como Código com Terraform: Fundamentos e Aplicação,Curso,DevOps & Cloud,Intermediário,25,18,12,10,66.67,1250.0,4.5,LOTE_GOLD_OFICIAL
403,Melhores Práticas e Arquitetura de Clusterização e Segmentação de Perfis,Vídeo,Ciência de Dados,Avançado,25,18,12,10,66.67,1250.0,4.5,LOTE_GOLD_OFICIAL
404,Tech Talk Ep. 122: Melhores Práticas em Monitoramento de Performance e Acompanhamento de Metas,Podcast,Business Intelligence,Básico,25,18,12,10,66.67,1250.0,4.5,LOTE_GOLD_OFICIAL
405,Análise Prática e Demonstração de Visualizações com Big Numbers e Gráficos Eficazes,Vídeo,Business Intelligence,Intermediário,25,18,12,10,66.67,1250.0,4.5,LOTE_GOLD_OFICIAL
406,"Princípios Essenciais e Arquitetura de Python Avançado: POO, Decorators e Geradores",Artigo,Programação & Software,Básico,25,18,12,10,66.67,1250.0,4.5,LOTE_GOLD_OFICIAL
407,Arquitetura & Código Ep. 138: Inovações em Fundamentos de Deep Learning com PyTorch,Podcast,Inteligência Artificial,Básico,25,18,12,10,66.67,1250.0,4.5,LOTE_GOLD_OFICIAL
408,Formação Prática em Data Lakehouse e Armazenamento Delta Lake: Fundamentos e Aplicação,Curso,Engenharia de Dados,Básico,25,18,12,10,66.67,1250.0,4.5,LOTE_GOLD_OFICIAL
409,Princípios Essenciais e Arquitetura de Infraestrutura como Código com Terraform,Artigo,DevOps & Cloud,Avançado,25,18,12,10,66.67,1250.0,4.5,LOTE_GOLD_OFICIAL
410,Estudo Técnico e Decisões de Arquitetura em Estatística Descritiva e Inferencial para Decisão,Artigo,Ciência de Dados,Básico,25,18,12,10,66.67,1250.0,4.5,LOTE_GOLD_OFICIAL
411,Análise Comparativa e Padrões Recomendados em Arquitetura RAG e Recuperação Semântica,Artigo,Inteligência Artificial,Intermediário,25,18,12,10,66.67,1250.0,4.5,LOTE_GOLD_OFICIAL
412,Arquitetura & Código Ep. 42: Inovações em Infraestrutura como Código com Terraform,Podcast,DevOps & Cloud,Básico,25,18,12,10,66.67,1250.0,4.5,LOTE_GOLD_OFICIAL
413,Tech Talk Ep. 149: Melhores Práticas em Fundamentos de Deep Learning com PyTorch,Podcast,Inteligência Artificial,Intermediário,25,18,12,10,66.67,1250.0,4.5,LOTE_GOLD_OFICIAL
414,Arquitetura & Código Ep. 39: Inovações em Monitoramento com Prometheus e Grafana,Podcast,DevOps & Cloud,Avançado,25,18,12,10,66.67,1250.0,4.5,LOTE_GOLD_OFICIAL
415,Como Obter Alta Performance Utilizando Segurança de Redes e Controle de Acesso,Artigo,DevOps & Cloud,Intermediário,25,18,12,10,66.67,1250.0,4.5,LOTE_GOLD_OFICIAL
416,Tech Talk Ep. 85: Melhores Práticas em Sistemas de Recomendação por Similaridade,Podcast,Inteligência Artificial,Avançado,25,18,12,10,66.67,1250.0,4.5,LOTE_GOLD_OFICIAL
417,Guia Definitivo e Boas Práticas sobre Conteinerização com Docker e Docker Compose,Artigo,DevOps & Cloud,Intermediário,25,18,12,10,66.67,1250.0,4.5,LOTE_GOLD_OFICIAL
418,Guia Rápido e Hands-on: Integração de Conectores com SQLAlchemy e Psycopg3,Vídeo,Programação & Software,Intermediário,25,18,12,10,66.67,1250.0,4.5,LOTE_GOLD_OFICIAL
419,Curso Completo de Modelagem Dimensional Star Schema e Snowflake: Da Teoria à Prática,Curso,Engenharia de Dados,Intermediário,25,18,12,10,66.67,1250.0,4.5,LOTE_GOLD_OFICIAL
420,Tech Talk Ep. 100: Melhores Práticas em Monitoramento de Performance e Acompanhamento de Metas,Podcast,Business Intelligence,Intermediário,25,18,12,10,66.67,1250.0,4.5,LOTE_GOLD_OFICIAL
421,Formação Prática em Modelagem Relacional Avançada no PostgreSQL: Fundamentos e Aplicação,Curso,Banco de Dados,Intermediário,25,18,12,10,66.67,1250.0,4.5,LOTE_GOLD_OFICIAL
422,Masterclass de Pipelines de Ingestão Batch e Streaming para Projetos Reais,Curso,Engenharia de Dados,Intermediário,25,18,12,10,66.67,1250.0,4.5,LOTE_GOLD_OFICIAL
423,Tech Talk Ep. 63: Melhores Práticas em Orquestração de Microsserviços com Kubernetes,Podcast,DevOps & Cloud,Intermediário,25,18,12,10,66.67,1250.0,4.5,LOTE_GOLD_OFICIAL
424,Melhores Práticas e Arquitetura de Definição de KPIs e Métricas Orientadas a Decisão,Vídeo,Business Intelligence,Básico,25,18,12,10,66.67,1250.0,4.5,LOTE_GOLD_OFICIAL
425,Deep Dive Ep. 99: Casos de Sucesso em Storytelling com Dados para Apresentações Executivas,Podcast,Business Intelligence,Intermediário,25,18,12,10,66.67,1250.0,4.5,LOTE_GOLD_OFICIAL
426,"Deep Dive Ep. 58: Casos de Sucesso em Métricas de Engajamento, Retenção e Conversão",Podcast,Business Intelligence,Intermediário,25,18,12,10,66.67,1250.0,4.5,LOTE_GOLD_OFICIAL
427,Como Obter Alta Performance Utilizando Machine Learning Supervisionado com Scikit-Learn,Artigo,Ciência de Dados,Intermediário,25,18,12,10,66.67,1250.0,4.5,LOTE_GOLD_OFICIAL
428,Princípios Essenciais e Arquitetura de Definição de KPIs e Métricas Orientadas a Decisão,Artigo,Business Intelligence,Avançado,25,18,12,10,66.67,1250.0,4.5,LOTE_GOLD_OFICIAL
429,Como Obter Alta Performance Utilizando Mensageria e Streaming com Apache Kafka,Artigo,Engenharia de Dados,Intermediário,25,18,12,10,66.67,1250.0,4.5,LOTE_GOLD_OFICIAL
430,Curso Completo de Visualizações com Big Numbers e Gráficos Eficazes: Da Teoria à Prática,Curso,Business Intelligence,Avançado,25,18,12,10,66.67,1250.0,4.5,LOTE_GOLD_OFICIAL
431,Formação Prática em Arquitetura RAG e Recuperação Semântica: Fundamentos e Aplicação,Curso,Inteligência Artificial,Básico,25,18,12,10,66.67,1250.0,4.5,LOTE_GOLD_OFICIAL
432,Data Insights Ep. 13: Experiências Reais com Monitoramento de Performance e Acompanhamento de Metas,Podcast,Business Intelligence,Intermediário,25,18,12,10,66.67,1250.0,4.5,LOTE_GOLD_OFICIAL
433,Arquitetura & Código Ep. 142: Inovações em Fine-Tuning de Modelos Fundacionais,Podcast,Inteligência Artificial,Avançado,25,18,12,10,66.67,1250.0,4.5,LOTE_GOLD_OFICIAL
434,Guia Definitivo e Boas Práticas sobre Refatoração de Código e Padrões PEP 8,Artigo,Programação & Software,Avançado,25,18,12,10,66.67,1250.0,4.5,LOTE_GOLD_OFICIAL
435,Curso Completo de Governança de Dados para Aplicações de IA: Da Teoria à Prática,Curso,Segurança & Governança,Intermediário,25,18,12,10,66.67,1250.0,4.5,LOTE_GOLD_OFICIAL
436,Análise Comparativa e Padrões Recomendados em Tipagem Estática e Boas Práticas com Mypy,Artigo,Programação & Software,Avançado,25,18,12,10,66.67,1250.0,4.5,LOTE_GOLD_OFICIAL
437,Arquitetura & Código Ep. 51: Inovações em Governança e Ética em Sistemas de IA,Podcast,Inteligência Artificial,Intermediário,25,18,12,10,66.67,1250.0,4.5,LOTE_GOLD_OFICIAL
438,Análise Prática e Demonstração de Replicação e Tolerância a Falhas no PostgreSQL,Vídeo,Banco de Dados,Avançado,25,18,12,10,66.67,1250.0,4.5,LOTE_GOLD_OFICIAL
439,Arquitetura & Código Ep. 138: Inovações em Previsão de Séries Temporais e Tendências,Podcast,Ciência de Dados,Intermediário,25,18,12,10,66.67,1250.0,4.5,LOTE_GOLD_OFICIAL
440,Especialização em Visão Computacional e Processamento de Imagens com Projetos Práticos,Curso,Inteligência Artificial,Avançado,25,18,12,10,66.67,1250.0,4.5,LOTE_GOLD_OFICIAL
441,Análise Comparativa e Padrões Recomendados em Controle de Acesso Baseado em Papéis (RBAC),Artigo,Segurança & Governança,Básico,25,18,12,10,66.67,1250.0,4.5,LOTE_GOLD_OFICIAL
442,Masterclass de Refatoração de Código e Padrões PEP 8 para Projetos Reais,Curso,Programação & Software,Avançado,25,18,12,10,66.67,1250.0,4.5,LOTE_GOLD_OFICIAL
443,Melhores Práticas e Arquitetura de Replicação e Tolerância a Falhas no PostgreSQL,Vídeo,Banco de Dados,Básico,25,18,12,10,66.67,1250.0,4.5,LOTE_GOLD_OFICIAL
444,Melhores Práticas e Arquitetura de Estratégias de Indexação e Performance de Bancos,Vídeo,Banco de Dados,Avançado,25,18,12,10,66.67,1250.0,4.5,LOTE_GOLD_OFICIAL
445,Masterclass de Clusterização e Segmentação de Perfis para Projetos Reais,Curso,Ciência de Dados,Intermediário,25,18,12,10,66.67,1250.0,4.5,LOTE_GOLD_OFICIAL
446,Análise Comparativa e Padrões Recomendados em Monitoramento com Prometheus e Grafana,Artigo,DevOps & Cloud,Básico,25,18,12,10,66.67,1250.0,4.5,LOTE_GOLD_OFICIAL
447,Masterclass de Linhagem de Dados e Rastreabilidade de Origem para Projetos Reais,Curso,Segurança & Governança,Avançado,25,18,12,10,66.67,1250.0,4.5,LOTE_GOLD_OFICIAL
448,Especialização em Fundamentos de Deep Learning com PyTorch com Projetos Práticos,Curso,Inteligência Artificial,Básico,25,18,12,10,66.67,1250.0,4.5,LOTE_GOLD_OFICIAL
449,Deep Dive Ep. 108: Casos de Sucesso em Design de Dashboards e Eliminação de Chartjunk,Podcast,Business Intelligence,Básico,25,18,12,10,66.67,1250.0,4.5,LOTE_GOLD_OFICIAL
450,Construindo Aplicações Robustas com Governança e Padronização de Painéis de Indicadores,Curso,Business Intelligence,Avançado,25,18,12,10,66.67,1250.0,4.5,LOTE_GOLD_OFICIAL
451,Como Obter Alta Performance Utilizando Otimização de Consultas SQL com EXPLAIN ANALYZE,Artigo,Banco de Dados,Básico,25,18,12,10,66.67,1250.0,4.5,LOTE_GOLD_OFICIAL
452,Tech Talk Ep. 138: Melhores Práticas em Métricas de Avaliação de Modelos Preditivos,Podcast,Ciência de Dados,Avançado,25,18,12,10,66.67,1250.0,4.5,LOTE_GOLD_OFICIAL
453,Especialização em Armazenamento de Documentos com MongoDB com Projetos Práticos,Curso,Banco de Dados,Básico,25,18,12,10,66.67,1250.0,4.5,LOTE_GOLD_OFICIAL
454,Arquitetura & Código Ep. 122: Inovações em Processamento Distribuído com Apache Spark,Podcast,Engenharia de Dados,Básico,25,18,12,10,66.67,1250.0,4.5,LOTE_GOLD_OFICIAL
455,Princípios Essenciais e Arquitetura de Engenharia de Prompts e Agentes Inteligentes,Artigo,Inteligência Artificial,Avançado,25,18,12,10,66.67,1250.0,4.5,LOTE_GOLD_OFICIAL
456,Especialização em Embeddings Vetoriais e Representação Semântica com Projetos Práticos,Curso,Inteligência Artificial,Básico,25,18,12,10,66.67,1250.0,4.5,LOTE_GOLD_OFICIAL
457,Construindo Aplicações Robustas com Gerenciamento de Ambientes e Segredos em Nuvem,Curso,DevOps & Cloud,Intermediário,25,18,12,10,66.67,1250.0,4.5,LOTE_GOLD_OFICIAL
458,Masterclass de Busca Vetorial com pgvector e Índices HNSW para Projetos Reais,Curso,Banco de Dados,Avançado,25,18,12,10,66.67,1250.0,4.5,LOTE_GOLD_OFICIAL
459,Como Obter Alta Performance Utilizando Tipagem Estática e Boas Práticas com Mypy,Artigo,Programação & Software,Básico,25,18,12,10,66.67,1250.0,4.5,LOTE_GOLD_OFICIAL
460,Guia Definitivo e Boas Práticas sobre Transações ACID e Controle de Concorrência,Artigo,Banco de Dados,Básico,25,18,12,10,66.67,1250.0,4.5,LOTE_GOLD_OFICIAL
461,Masterclass de Estratégias de Indexação e Performance de Bancos para Projetos Reais,Curso,Banco de Dados,Intermediário,25,18,12,10,66.67,1250.0,4.5,LOTE_GOLD_OFICIAL
462,Princípios Essenciais e Arquitetura de Ambientes Reprodutíveis para Aplicações de Dados,Artigo,DevOps & Cloud,Intermediário,25,18,12,10,66.67,1250.0,4.5,LOTE_GOLD_OFICIAL
463,Solucionando Desafios do Dia a Dia em Integração Híbrida PostgreSQL e NoSQL MongoDB,Vídeo,Banco de Dados,Básico,25,18,12,10,66.67,1250.0,4.5,LOTE_GOLD_OFICIAL
464,Princípios Essenciais e Arquitetura de Processamento Distribuído com Apache Spark,Artigo,Engenharia de Dados,Básico,25,18,12,10,66.67,1250.0,4.5,LOTE_GOLD_OFICIAL
465,Princípios Essenciais e Arquitetura de Práticas de DataOps e Qualidade de Dados,Artigo,Engenharia de Dados,Avançado,25,18,12,10,66.67,1250.0,4.5,LOTE_GOLD_OFICIAL
466,Guia Definitivo e Boas Práticas sobre Otimização de Consultas SQL com EXPLAIN ANALYZE,Artigo,Banco de Dados,Avançado,25,18,12,10,66.67,1250.0,4.5,LOTE_GOLD_OFICIAL
467,Análise Comparativa e Padrões Recomendados em Monitoramento com Prometheus e Grafana,Artigo,DevOps & Cloud,Intermediário,25,18,12,10,66.67,1250.0,4.5,LOTE_GOLD_OFICIAL
468,Análise Comparativa e Padrões Recomendados em Modelagem e Agregações Analíticas no SQL Lab,Artigo,Business Intelligence,Básico,25,18,12,10,66.67,1250.0,4.5,LOTE_GOLD_OFICIAL
469,Como Obter Alta Performance Utilizando Sistemas de Recomendação por Similaridade,Artigo,Inteligência Artificial,Intermediário,25,18,12,10,66.67,1250.0,4.5,LOTE_GOLD_OFICIAL
470,Masterclass de Auditoria e Monitoramento de Logs de Acesso para Projetos Reais,Curso,Segurança & Governança,Intermediário,25,18,12,10,66.67,1250.0,4.5,LOTE_GOLD_OFICIAL
471,Análise Comparativa e Padrões Recomendados em APIs RESTful de Alta Performance com FastAPI,Artigo,Programação & Software,Intermediário,25,18,12,10,66.67,1250.0,4.5,LOTE_GOLD_OFICIAL
472,"Especialização em Métricas de Engajamento, Retenção e Conversão com Projetos Práticos",Curso,Business Intelligence,Básico,25,18,12,10,66.67,1250.0,4.5,LOTE_GOLD_OFICIAL
473,Masterclass de Linhagem de Dados e Rastreabilidade de Origem para Projetos Reais,Curso,Segurança & Governança,Intermediário,25,18,12,10,66.67,1250.0,4.5,LOTE_GOLD_OFICIAL
474,Papo de Dados Ep. 87: Desvendando Escalabilidade e Gestão de Custos em Cloud,Podcast,DevOps & Cloud,Básico,25,18,12,10,66.67,1250.0,4.5,LOTE_GOLD_OFICIAL
475,Masterclass de Armazenamento de Documentos com MongoDB para Projetos Reais,Curso,Banco de Dados,Básico,25,18,12,10,66.67,1250.0,4.5,LOTE_GOLD_OFICIAL
476,Como Obter Alta Performance Utilizando Governança e Padronização de Painéis de Indicadores,Artigo,Business Intelligence,Intermediário,25,18,12,10,66.67,1250.0,4.5,LOTE_GOLD_OFICIAL
477,Especialização em Sistemas de Recomendação por Similaridade com Projetos Práticos,Curso,Inteligência Artificial,Intermediário,25,18,12,10,66.67,1250.0,4.5,LOTE_GOLD_OFICIAL
478,Deep Dive Ep. 131: Casos de Sucesso em Modelagem e Agregações Analíticas no SQL Lab,Podcast,Business Intelligence,Básico,25,18,12,10,66.67,1250.0,4.5,LOTE_GOLD_OFICIAL
479,Papo de Dados Ep. 85: Desvendando Pipelines de CI/CD para Engenharia de Dados,Podcast,DevOps & Cloud,Intermediário,25,18,12,10,66.67,1250.0,4.5,LOTE_GOLD_OFICIAL
480,Melhores Práticas e Arquitetura de Processamento Distribuído com Apache Spark,Vídeo,Engenharia de Dados,Básico,25,18,12,10,66.67,1250.0,4.5,LOTE_GOLD_OFICIAL
481,Como Implementar Transações ACID e Controle de Concorrência Passo a Passo,Vídeo,Banco de Dados,Básico,25,18,12,10,66.67,1250.0,4.5,LOTE_GOLD_OFICIAL
482,Arquitetura & Código Ep. 143: Inovações em Engenharia de Recursos e Pré-processamento,Podcast,Ciência de Dados,Avançado,25,18,12,10,66.67,1250.0,4.5,LOTE_GOLD_OFICIAL
483,Guia Definitivo e Boas Práticas sobre Práticas de DataOps e Qualidade de Dados,Artigo,Engenharia de Dados,Intermediário,25,18,12,10,66.67,1250.0,4.5,LOTE_GOLD_OFICIAL
484,Papo de Dados Ep. 97: Desvendando Governança de Dados para Aplicações de IA,Podcast,Segurança & Governança,Intermediário,25,18,12,10,66.67,1250.0,4.5,LOTE_GOLD_OFICIAL
485,Solucionando Desafios do Dia a Dia em Monitoramento com Prometheus e Grafana,Vídeo,DevOps & Cloud,Intermediário,25,18,12,10,66.67,1250.0,4.5,LOTE_GOLD_OFICIAL
486,Deep Dive Ep. 144: Casos de Sucesso em Previsão de Séries Temporais e Tendências,Podcast,Ciência de Dados,Intermediário,25,18,12,10,66.67,1250.0,4.5,LOTE_GOLD_OFICIAL
487,Como Implementar Métricas de Avaliação de Modelos Preditivos Passo a Passo,Vídeo,Ciência de Dados,Avançado,25,18,12,10,66.67,1250.0,4.5,LOTE_GOLD_OFICIAL
488,"Como Obter Alta Performance Utilizando Métricas de Engajamento, Retenção e Conversão",Artigo,Business Intelligence,Intermediário,25,18,12,10,66.67,1250.0,4.5,LOTE_GOLD_OFICIAL
489,Guia Definitivo e Boas Práticas sobre Análise Exploratória de Dados com Pandas,Artigo,Ciência de Dados,Básico,25,18,12,10,66.67,1250.0,4.5,LOTE_GOLD_OFICIAL
490,Especialização em Linhagem de Dados e Rastreabilidade de Origem com Projetos Práticos,Curso,Segurança & Governança,Intermediário,25,18,12,10,66.67,1250.0,4.5,LOTE_GOLD_OFICIAL
491,Masterclass de Fundamentos de Deep Learning com PyTorch para Projetos Reais,Curso,Inteligência Artificial,Intermediário,25,18,12,10,66.67,1250.0,4.5,LOTE_GOLD_OFICIAL
492,"Construindo Aplicações Robustas com Métricas de Engajamento, Retenção e Conversão",Curso,Business Intelligence,Básico,25,18,12,10,66.67,1250.0,4.5,LOTE_GOLD_OFICIAL
493,Especialização em Gerenciamento de Ambientes e Segredos em Nuvem com Projetos Práticos,Curso,DevOps & Cloud,Básico,25,18,12,10,66.67,1250.0,4.5,LOTE_GOLD_OFICIAL
494,Melhores Práticas e Arquitetura de Testes Automatizados e TDD com Pytest,Vídeo,Programação & Software,Básico,25,18,12,10,66.67,1250.0,4.5,LOTE_GOLD_OFICIAL
495,Guia Definitivo e Boas Práticas sobre Design de Dashboards e Eliminação de Chartjunk,Artigo,Business Intelligence,Intermediário,25,18,12,10,66.67,1250.0,4.5,LOTE_GOLD_OFICIAL
496,Papo de Dados Ep. 41: Desvendando Busca Vetorial com pgvector e Índices HNSW,Podcast,Banco de Dados,Básico,25,18,12,10,66.67,1250.0,4.5,LOTE_GOLD_OFICIAL
497,Análise Comparativa e Padrões Recomendados em Orquestração de Microsserviços com Kubernetes,Artigo,DevOps & Cloud,Básico,25,18,12,10,66.67,1250.0,4.5,LOTE_GOLD_OFICIAL
498,Melhores Práticas e Arquitetura de Escalabilidade e Gestão de Custos em Cloud,Vídeo,DevOps & Cloud,Intermediário,25,18,12,10,66.67,1250.0,4.5,LOTE_GOLD_OFICIAL
499,Como Obter Alta Performance Utilizando Visão Computacional e Processamento de Imagens,Artigo,Inteligência Artificial,Intermediário,25,18,12,10,66.67,1250.0,4.5,LOTE_GOLD_OFICIAL
500,Guia Rápido e Hands-on: Modelagem e Agregações Analíticas no SQL Lab,Vídeo,Business Intelligence,Intermediário,25,18,12,10,66.67,1250.0,4.5,LOTE_GOLD_OFICIAL
501,Tech Talk Ep. 72: Melhores Práticas em Integração de Conectores com SQLAlchemy e Psycopg3,Podcast,Programação & Software,Intermediário,25,18,12,10,66.67,1250.0,4.5,LOTE_GOLD_OFICIAL
502,Especialização em Governança e Ética em Sistemas de IA com Projetos Práticos,Curso,Inteligência Artificial,Básico,25,18,12,10,66.67,1250.0,4.5,LOTE_GOLD_OFICIAL
503,Construindo Aplicações Robustas com Embeddings Vetoriais e Representação Semântica,Curso,Inteligência Artificial,Básico,25,18,12,10,66.67,1250.0,4.5,LOTE_GOLD_OFICIAL
504,Como Obter Alta Performance Utilizando Engenharia de Recursos e Pré-processamento,Artigo,Ciência de Dados,Intermediário,25,18,12,10,66.67,1250.0,4.5,LOTE_GOLD_OFICIAL
505,Guia Rápido e Hands-on: Práticas de DataOps e Qualidade de Dados,Vídeo,Engenharia de Dados,Básico,25,18,12,10,66.67,1250.0,4.5,LOTE_GOLD_OFICIAL
506,"Melhores Práticas e Arquitetura de Python Avançado: POO, Decorators e Geradores",Vídeo,Programação & Software,Básico,25,18,12,10,66.67,1250.0,4.5,LOTE_GOLD_OFICIAL
507,Guia Rápido e Hands-on: Orquestração de Microsserviços com Kubernetes,Vídeo,DevOps & Cloud,Intermediário,25,18,12,10,66.67,1250.0,4.5,LOTE_GOLD_OFICIAL
508,"Tech Talk Ep. 142: Melhores Práticas em Métricas de Engajamento, Retenção e Conversão",Podcast,Business Intelligence,Intermediário,25,18,12,10,66.67,1250.0,4.5,LOTE_GOLD_OFICIAL
509,Tech Talk Ep. 111: Melhores Práticas em Engenharia de Recursos e Pré-processamento,Podcast,Ciência de Dados,Avançado,25,18,12,10,66.67,1250.0,4.5,LOTE_GOLD_OFICIAL
510,Como Implementar Estratégias de Indexação e Performance de Bancos Passo a Passo,Vídeo,Banco de Dados,Básico,25,18,12,10,66.67,1250.0,4.5,LOTE_GOLD_OFICIAL
511,Arquitetura & Código Ep. 135: Inovações em Processamento de Linguagem Natural (PLN),Podcast,Inteligência Artificial,Intermediário,25,18,12,10,66.67,1250.0,4.5,LOTE_GOLD_OFICIAL
512,Solucionando Desafios do Dia a Dia em Modelos de Linguagem de Larga Escala (LLMs),Vídeo,Inteligência Artificial,Básico,25,18,12,10,66.67,1250.0,4.5,LOTE_GOLD_OFICIAL
513,Tech Talk Ep. 119: Melhores Práticas em Experimentação e Testes A/B Orientados a Dados,Podcast,Ciência de Dados,Avançado,25,18,12,10,66.67,1250.0,4.5,LOTE_GOLD_OFICIAL
514,Construindo Aplicações Robustas com Técnicas de Anonimização e Pseudonimização,Curso,Segurança & Governança,Intermediário,25,18,12,10,66.67,1250.0,4.5,LOTE_GOLD_OFICIAL
515,Como Implementar Conteinerização com Docker e Docker Compose Passo a Passo,Vídeo,DevOps & Cloud,Intermediário,25,18,12,10,66.67,1250.0,4.5,LOTE_GOLD_OFICIAL
516,Como Implementar Infraestrutura como Código com Terraform Passo a Passo,Vídeo,DevOps & Cloud,Intermediário,25,18,12,10,66.67,1250.0,4.5,LOTE_GOLD_OFICIAL
517,Análise Prática e Demonstração de Pipelines e Transformações com Apache Hop,Vídeo,Engenharia de Dados,Intermediário,25,18,12,10,66.67,1250.0,4.5,LOTE_GOLD_OFICIAL
518,Construindo Aplicações Robustas com Mensageria e Streaming com Apache Kafka,Curso,Engenharia de Dados,Avançado,25,18,12,10,66.67,1250.0,4.5,LOTE_GOLD_OFICIAL
519,Tech Talk Ep. 108: Melhores Práticas em Pipelines e Transformações com Apache Hop,Podcast,Engenharia de Dados,Básico,25,18,12,10,66.67,1250.0,4.5,LOTE_GOLD_OFICIAL
520,Solucionando Desafios do Dia a Dia em Replicação e Tolerância a Falhas no PostgreSQL,Vídeo,Banco de Dados,Avançado,25,18,12,10,66.67,1250.0,4.5,LOTE_GOLD_OFICIAL
521,Princípios Essenciais e Arquitetura de Auditoria e Monitoramento de Logs de Acesso,Artigo,Segurança & Governança,Básico,25,18,12,10,66.67,1250.0,4.5,LOTE_GOLD_OFICIAL
522,Data Insights Ep. 39: Experiências Reais com Orquestração de Workflows com Apache Airflow,Podcast,Engenharia de Dados,Avançado,25,18,12,10,66.67,1250.0,4.5,LOTE_GOLD_OFICIAL
523,Guia Rápido e Hands-on: Consultas e Índices GIN com JSONB no PostgreSQL,Vídeo,Banco de Dados,Avançado,25,18,12,10,66.67,1250.0,4.5,LOTE_GOLD_OFICIAL
524,Como Implementar Visualizações com Big Numbers e Gráficos Eficazes Passo a Passo,Vídeo,Business Intelligence,Intermediário,25,18,12,10,66.67,1250.0,4.5,LOTE_GOLD_OFICIAL
525,Guia Rápido e Hands-on: Prevenção contra Vazamentos e Segurança em APIs,Vídeo,Segurança & Governança,Avançado,25,18,12,10,66.67,1250.0,4.5,LOTE_GOLD_OFICIAL
526,Estudo Técnico e Decisões de Arquitetura em Detecção de Anomalias em Grandes Volumes,Artigo,Ciência de Dados,Básico,25,18,12,10,66.67,1250.0,4.5,LOTE_GOLD_OFICIAL
527,Análise Prática e Demonstração de Dashboards Estratégicos no Apache Superset,Vídeo,Business Intelligence,Avançado,25,18,12,10,66.67,1250.0,4.5,LOTE_GOLD_OFICIAL
528,Análise Comparativa e Padrões Recomendados em Arquitetura RAG e Recuperação Semântica,Artigo,Inteligência Artificial,Básico,25,18,12,10,66.67,1250.0,4.5,LOTE_GOLD_OFICIAL
529,Especialização em Conteinerização com Docker e Docker Compose com Projetos Práticos,Curso,DevOps & Cloud,Básico,25,18,12,10,66.67,1250.0,4.5,LOTE_GOLD_OFICIAL
530,Papo de Dados Ep. 24: Desvendando Escalabilidade e Gestão de Custos em Cloud,Podcast,DevOps & Cloud,Avançado,25,18,12,10,66.67,1250.0,4.5,LOTE_GOLD_OFICIAL
531,Princípios Essenciais e Arquitetura de Transações ACID e Controle de Concorrência,Artigo,Banco de Dados,Intermediário,25,18,12,10,66.67,1250.0,4.5,LOTE_GOLD_OFICIAL
532,Especialização em Integração de Conectores com SQLAlchemy e Psycopg3 com Projetos Práticos,Curso,Programação & Software,Básico,25,18,12,10,66.67,1250.0,4.5,LOTE_GOLD_OFICIAL
533,Estudo Técnico e Decisões de Arquitetura em Integração Híbrida PostgreSQL e NoSQL MongoDB,Artigo,Banco de Dados,Intermediário,25,18,12,10,66.67,1250.0,4.5,LOTE_GOLD_OFICIAL
534,Guia Definitivo e Boas Práticas sobre Design de Dashboards e Eliminação de Chartjunk,Artigo,Business Intelligence,Avançado,25,18,12,10,66.67,1250.0,4.5,LOTE_GOLD_OFICIAL
535,Como Obter Alta Performance Utilizando Estatística Descritiva e Inferencial para Decisão,Artigo,Ciência de Dados,Intermediário,25,18,12,10,66.67,1250.0,4.5,LOTE_GOLD_OFICIAL
536,Deep Dive Ep. 98: Casos de Sucesso em Data Lakehouse e Armazenamento Delta Lake,Podcast,Engenharia de Dados,Avançado,25,18,12,10,66.67,1250.0,4.5,LOTE_GOLD_OFICIAL
537,Data Insights Ep. 19: Experiências Reais com Criptografia de Dados em Repouso e em Trânsito,Podcast,Segurança & Governança,Básico,25,18,12,10,66.67,1250.0,4.5,LOTE_GOLD_OFICIAL
538,Deep Dive Ep. 89: Casos de Sucesso em Replicação e Tolerância a Falhas no PostgreSQL,Podcast,Banco de Dados,Intermediário,25,18,12,10,66.67,1250.0,4.5,LOTE_GOLD_OFICIAL
539,Deep Dive Ep. 60: Casos de Sucesso em Orquestração de Microsserviços com Kubernetes,Podcast,DevOps & Cloud,Avançado,25,18,12,10,66.67,1250.0,4.5,LOTE_GOLD_OFICIAL
540,Análise Comparativa e Padrões Recomendados em Catálogo de Dados Corporativo e Glossário,Artigo,Segurança & Governança,Básico,25,18,12,10,66.67,1250.0,4.5,LOTE_GOLD_OFICIAL
541,Princípios Essenciais e Arquitetura de Pipelines de CI/CD para Engenharia de Dados,Artigo,DevOps & Cloud,Intermediário,25,18,12,10,66.67,1250.0,4.5,LOTE_GOLD_OFICIAL
542,Princípios Essenciais e Arquitetura de Orquestração de Workflows com Apache Airflow,Artigo,Engenharia de Dados,Básico,25,18,12,10,66.67,1250.0,4.5,LOTE_GOLD_OFICIAL
543,Data Insights Ep. 95: Experiências Reais com Tipagem Estática e Boas Práticas com Mypy,Podcast,Programação & Software,Intermediário,25,18,12,10,66.67,1250.0,4.5,LOTE_GOLD_OFICIAL
544,Solucionando Desafios do Dia a Dia em Ambientes Reprodutíveis para Aplicações de Dados,Vídeo,DevOps & Cloud,Avançado,25,18,12,10,66.67,1250.0,4.5,LOTE_GOLD_OFICIAL
545,Data Insights Ep. 16: Experiências Reais com Processamento Distribuído com Apache Spark,Podcast,Engenharia de Dados,Básico,25,18,12,10,66.67,1250.0,4.5,LOTE_GOLD_OFICIAL
546,Solucionando Desafios do Dia a Dia em Métricas de Avaliação de Modelos Preditivos,Vídeo,Ciência de Dados,Básico,25,18,12,10,66.67,1250.0,4.5,LOTE_GOLD_OFICIAL
547,Guia Definitivo e Boas Práticas sobre Ambientes Reprodutíveis para Aplicações de Dados,Artigo,DevOps & Cloud,Intermediário,25,18,12,10,66.67,1250.0,4.5,LOTE_GOLD_OFICIAL
548,Melhores Práticas e Arquitetura de Auditoria e Monitoramento de Logs de Acesso,Vídeo,Segurança & Governança,Avançado,25,18,12,10,66.67,1250.0,4.5,LOTE_GOLD_OFICIAL
549,Construindo Aplicações Robustas com Engenharia de Prompts e Agentes Inteligentes,Curso,Inteligência Artificial,Intermediário,25,18,12,10,66.67,1250.0,4.5,LOTE_GOLD_OFICIAL
550,Como Implementar Arquitetura RAG e Recuperação Semântica Passo a Passo,Vídeo,Inteligência Artificial,Básico,25,18,12,10,66.67,1250.0,4.5,LOTE_GOLD_OFICIAL
551,Papo de Dados Ep. 14: Desvendando Ambientes Reprodutíveis para Aplicações de Dados,Podcast,DevOps & Cloud,Básico,25,18,12,10,66.67,1250.0,4.5,LOTE_GOLD_OFICIAL
552,Análise Prática e Demonstração de Previsão de Séries Temporais e Tendências,Vídeo,Ciência de Dados,Intermediário,25,18,12,10,66.67,1250.0,4.5,LOTE_GOLD_OFICIAL
553,Guia Rápido e Hands-on: Pipelines e Transformações com Apache Hop,Vídeo,Engenharia de Dados,Básico,25,18,12,10,66.67,1250.0,4.5,LOTE_GOLD_OFICIAL
554,Especialização em Controle de Acesso Baseado em Papéis (RBAC) com Projetos Práticos,Curso,Segurança & Governança,Básico,25,18,12,10,66.67,1250.0,4.5,LOTE_GOLD_OFICIAL
555,Deep Dive Ep. 82: Casos de Sucesso em Integração Híbrida PostgreSQL e NoSQL MongoDB,Podcast,Banco de Dados,Básico,25,18,12,10,66.67,1250.0,4.5,LOTE_GOLD_OFICIAL
556,Tech Talk Ep. 19: Melhores Práticas em Engenharia de Recursos e Pré-processamento,Podcast,Ciência de Dados,Básico,25,18,12,10,66.67,1250.0,4.5,LOTE_GOLD_OFICIAL
557,Análise Prática e Demonstração de Dashboards Estratégicos no Apache Superset,Vídeo,Business Intelligence,Intermediário,25,18,12,10,66.67,1250.0,4.5,LOTE_GOLD_OFICIAL
558,Estudo Técnico e Decisões de Arquitetura em Design de Dashboards e Eliminação de Chartjunk,Artigo,Business Intelligence,Básico,25,18,12,10,66.67,1250.0,4.5,LOTE_GOLD_OFICIAL
559,Como Obter Alta Performance Utilizando Auditoria e Monitoramento de Logs de Acesso,Artigo,Segurança & Governança,Avançado,25,18,12,10,66.67,1250.0,4.5,LOTE_GOLD_OFICIAL
560,Solucionando Desafios do Dia a Dia em Governança e Padronização de Painéis de Indicadores,Vídeo,Business Intelligence,Avançado,25,18,12,10,66.67,1250.0,4.5,LOTE_GOLD_OFICIAL
561,Arquitetura & Código Ep. 82: Inovações em Processamento de Linguagem Natural (PLN),Podcast,Inteligência Artificial,Básico,25,18,12,10,66.67,1250.0,4.5,LOTE_GOLD_OFICIAL
562,Estudo Técnico e Decisões de Arquitetura em Catálogo de Dados Corporativo e Glossário,Artigo,Segurança & Governança,Básico,25,18,12,10,66.67,1250.0,4.5,LOTE_GOLD_OFICIAL
563,Tech Talk Ep. 122: Melhores Práticas em Controle de Acesso Baseado em Papéis (RBAC),Podcast,Segurança & Governança,Intermediário,25,18,12,10,66.67,1250.0,4.5,LOTE_GOLD_OFICIAL
564,Tech Talk Ep. 11: Melhores Práticas em Catálogo de Dados Corporativo e Glossário,Podcast,Segurança & Governança,Avançado,25,18,12,10,66.67,1250.0,4.5,LOTE_GOLD_OFICIAL
565,Curso Completo de Gestão de Metadados e Qualidade de Dados Mestres: Da Teoria à Prática,Curso,Segurança & Governança,Intermediário,25,18,12,10,66.67,1250.0,4.5,LOTE_GOLD_OFICIAL
566,Arquitetura & Código Ep. 51: Inovações em Consultas e Índices GIN com JSONB no PostgreSQL,Podcast,Banco de Dados,Avançado,25,18,12,10,66.67,1250.0,4.5,LOTE_GOLD_OFICIAL
567,Deep Dive Ep. 81: Casos de Sucesso em Detecção de Anomalias em Grandes Volumes,Podcast,Ciência de Dados,Avançado,25,18,12,10,66.67,1250.0,4.5,LOTE_GOLD_OFICIAL
568,Como Implementar Gestão de Metadados e Qualidade de Dados Mestres Passo a Passo,Vídeo,Segurança & Governança,Básico,25,18,12,10,66.67,1250.0,4.5,LOTE_GOLD_OFICIAL
569,Como Obter Alta Performance Utilizando Modelos de Linguagem de Larga Escala (LLMs),Artigo,Inteligência Artificial,Básico,25,18,12,10,66.67,1250.0,4.5,LOTE_GOLD_OFICIAL
570,Estudo Técnico e Decisões de Arquitetura em Métricas de Avaliação de Modelos Preditivos,Artigo,Ciência de Dados,Intermediário,25,18,12,10,66.67,1250.0,4.5,LOTE_GOLD_OFICIAL
571,Curso Completo de Processamento Distribuído com Apache Spark: Da Teoria à Prática,Curso,Engenharia de Dados,Avançado,25,18,12,10,66.67,1250.0,4.5,LOTE_GOLD_OFICIAL
572,Curso Completo de Tipagem Estática e Boas Práticas com Mypy: Da Teoria à Prática,Curso,Programação & Software,Básico,25,18,12,10,66.67,1250.0,4.5,LOTE_GOLD_OFICIAL
573,Papo de Dados Ep. 94: Desvendando Visualizações com Big Numbers e Gráficos Eficazes,Podcast,Business Intelligence,Básico,25,18,12,10,66.67,1250.0,4.5,LOTE_GOLD_OFICIAL
574,Análise Comparativa e Padrões Recomendados em Otimização de Consultas SQL com EXPLAIN ANALYZE,Artigo,Banco de Dados,Básico,25,18,12,10,66.67,1250.0,4.5,LOTE_GOLD_OFICIAL
575,Estudo Técnico e Decisões de Arquitetura em Práticas de DataOps e Qualidade de Dados,Artigo,Engenharia de Dados,Básico,25,18,12,10,66.67,1250.0,4.5,LOTE_GOLD_OFICIAL
576,Especialização em Auditoria e Monitoramento de Logs de Acesso com Projetos Práticos,Curso,Segurança & Governança,Intermediário,25,18,12,10,66.67,1250.0,4.5,LOTE_GOLD_OFICIAL
577,Especialização em APIs RESTful de Alta Performance com FastAPI com Projetos Práticos,Curso,Programação & Software,Intermediário,25,18,12,10,66.67,1250.0,4.5,LOTE_GOLD_OFICIAL
578,Princípios Essenciais e Arquitetura de Gestão de Metadados e Qualidade de Dados Mestres,Artigo,Segurança & Governança,Intermediário,25,18,12,10,66.67,1250.0,4.5,LOTE_GOLD_OFICIAL
579,Estudo Técnico e Decisões de Arquitetura em Engenharia de Prompts e Agentes Inteligentes,Artigo,Inteligência Artificial,Avançado,25,18,12,10,66.67,1250.0,4.5,LOTE_GOLD_OFICIAL
580,Deep Dive Ep. 125: Casos de Sucesso em Pipelines de CI/CD para Engenharia de Dados,Podcast,DevOps & Cloud,Básico,25,18,12,10,66.67,1250.0,4.5,LOTE_GOLD_OFICIAL
581,Especialização em Gestão de Metadados e Qualidade de Dados Mestres com Projetos Práticos,Curso,Segurança & Governança,Intermediário,25,18,12,10,66.67,1250.0,4.5,LOTE_GOLD_OFICIAL
582,Como Implementar Modelagem Dimensional Star Schema e Snowflake Passo a Passo,Vídeo,Engenharia de Dados,Básico,25,18,12,10,66.67,1250.0,4.5,LOTE_GOLD_OFICIAL
583,Guia Definitivo e Boas Práticas sobre Técnicas de Anonimização e Pseudonimização,Artigo,Segurança & Governança,Avançado,25,18,12,10,66.67,1250.0,4.5,LOTE_GOLD_OFICIAL
584,Guia Definitivo e Boas Práticas sobre Linhagem de Dados e Rastreabilidade de Origem,Artigo,Segurança & Governança,Intermediário,25,18,12,10,66.67,1250.0,4.5,LOTE_GOLD_OFICIAL
585,Guia Definitivo e Boas Práticas sobre Armazenamento de Documentos com MongoDB,Artigo,Banco de Dados,Básico,25,18,12,10,66.67,1250.0,4.5,LOTE_GOLD_OFICIAL
586,Guia Rápido e Hands-on: Engenharia de Recursos e Pré-processamento,Vídeo,Ciência de Dados,Básico,25,18,12,10,66.67,1250.0,4.5,LOTE_GOLD_OFICIAL
587,Curso Completo de Controle de Acesso Baseado em Papéis (RBAC): Da Teoria à Prática,Curso,Segurança & Governança,Intermediário,25,18,12,10,66.67,1250.0,4.5,LOTE_GOLD_OFICIAL
588,Análise Comparativa e Padrões Recomendados em Adequação à LGPD e Proteção de Dados Pessoais,Artigo,Segurança & Governança,Básico,25,18,12,10,66.67,1250.0,4.5,LOTE_GOLD_OFICIAL
589,Análise Comparativa e Padrões Recomendados em Otimização de Consultas SQL com EXPLAIN ANALYZE,Artigo,Banco de Dados,Avançado,25,18,12,10,66.67,1250.0,4.5,LOTE_GOLD_OFICIAL
590,Papo de Dados Ep. 111: Desvendando Arquitetura Limpa e Princípios SOLID,Podcast,Programação & Software,Intermediário,25,18,12,10,66.67,1250.0,4.5,LOTE_GOLD_OFICIAL
591,Tech Talk Ep. 133: Melhores Práticas em Monitoramento de Performance e Acompanhamento de Metas,Podcast,Business Intelligence,Intermediário,25,18,12,10,66.67,1250.0,4.5,LOTE_GOLD_OFICIAL
592,Formação Prática em Escalabilidade e Gestão de Custos em Cloud: Fundamentos e Aplicação,Curso,DevOps & Cloud,Básico,25,18,12,10,66.67,1250.0,4.5,LOTE_GOLD_OFICIAL
593,Como Obter Alta Performance Utilizando Estratégias de Indexação e Performance de Bancos,Artigo,Banco de Dados,Intermediário,25,18,12,10,66.67,1250.0,4.5,LOTE_GOLD_OFICIAL
594,Melhores Práticas e Arquitetura de Controle de Acesso Baseado em Papéis (RBAC),Vídeo,Segurança & Governança,Básico,25,18,12,10,66.67,1250.0,4.5,LOTE_GOLD_OFICIAL
595,Guia Rápido e Hands-on: Experimentação e Testes A/B Orientados a Dados,Vídeo,Ciência de Dados,Básico,25,18,12,10,66.67,1250.0,4.5,LOTE_GOLD_OFICIAL
596,Data Insights Ep. 119: Experiências Reais com Testes Automatizados e TDD com Pytest,Podcast,Programação & Software,Avançado,25,18,12,10,66.67,1250.0,4.5,LOTE_GOLD_OFICIAL
597,Curso Completo de Experimentação e Testes A/B Orientados a Dados: Da Teoria à Prática,Curso,Ciência de Dados,Intermediário,25,18,12,10,66.67,1250.0,4.5,LOTE_GOLD_OFICIAL
598,Princípios Essenciais e Arquitetura de Governança e Ética em Sistemas de IA,Artigo,Inteligência Artificial,Básico,25,18,12,10,66.67,1250.0,4.5,LOTE_GOLD_OFICIAL
599,Como Implementar Criptografia de Dados em Repouso e em Trânsito Passo a Passo,Vídeo,Segurança & Governança,Avançado,25,18,12,10,66.67,1250.0,4.5,LOTE_GOLD_OFICIAL
600,Solucionando Desafios do Dia a Dia em Visualizações com Big Numbers e Gráficos Eficazes,Vídeo,Business Intelligence,Intermediário,25,18,12,10,66.67,1250.0,4.5,LOTE_GOLD_OFICIAL
601,Princípios Essenciais e Arquitetura de Métricas de Avaliação de Modelos Preditivos,Artigo,Ciência de Dados,Básico,25,18,12,10,66.67,1250.0,4.5,LOTE_GOLD_OFICIAL
602,"Formação Prática em Ingestão Eficiente de CSV, JSON e Parquet: Fundamentos e Aplicação",Curso,Engenharia de Dados,Avançado,25,18,12,10,66.67,1250.0,4.5,LOTE_GOLD_OFICIAL
603,Especialização em Segurança de Redes e Controle de Acesso com Projetos Práticos,Curso,DevOps & Cloud,Intermediário,25,18,12,10,66.67,1250.0,4.5,LOTE_GOLD_OFICIAL
604,Guia Definitivo e Boas Práticas sobre Replicação e Tolerância a Falhas no PostgreSQL,Artigo,Banco de Dados,Avançado,25,18,12,10,66.67,1250.0,4.5,LOTE_GOLD_OFICIAL
605,Data Insights Ep. 78: Experiências Reais com Storytelling com Dados para Apresentações Executivas,Podcast,Business Intelligence,Avançado,25,18,12,10,66.67,1250.0,4.5,LOTE_GOLD_OFICIAL
606,Análise Comparativa e Padrões Recomendados em Mensageria e Streaming com Apache Kafka,Artigo,Engenharia de Dados,Intermediário,25,18,12,10,66.67,1250.0,4.5,LOTE_GOLD_OFICIAL
607,Masterclass de Estatística Descritiva e Inferencial para Decisão para Projetos Reais,Curso,Ciência de Dados,Avançado,25,18,12,10,66.67,1250.0,4.5,LOTE_GOLD_OFICIAL
608,Arquitetura & Código Ep. 62: Inovações em Automação de Servidores Linux e Acesso SSH,Podcast,DevOps & Cloud,Avançado,25,18,12,10,66.67,1250.0,4.5,LOTE_GOLD_OFICIAL
609,Formação Prática em Otimização de Consultas SQL com EXPLAIN ANALYZE: Fundamentos e Aplicação,Curso,Banco de Dados,Avançado,25,18,12,10,66.67,1250.0,4.5,LOTE_GOLD_OFICIAL
610,Data Insights Ep. 79: Experiências Reais com Ambientes Reprodutíveis para Aplicações de Dados,Podcast,DevOps & Cloud,Avançado,25,18,12,10,66.67,1250.0,4.5,LOTE_GOLD_OFICIAL
611,Como Obter Alta Performance Utilizando Refatoração de Código e Padrões PEP 8,Artigo,Programação & Software,Básico,25,18,12,10,66.67,1250.0,4.5,LOTE_GOLD_OFICIAL
612,Deep Dive Ep. 45: Casos de Sucesso em Ambientes Reprodutíveis para Aplicações de Dados,Podcast,DevOps & Cloud,Intermediário,25,18,12,10,66.67,1250.0,4.5,LOTE_GOLD_OFICIAL
613,Papo de Dados Ep. 131: Desvendando Dashboards Estratégicos no Apache Superset,Podcast,Business Intelligence,Intermediário,25,18,12,10,66.67,1250.0,4.5,LOTE_GOLD_OFICIAL
614,"Como Implementar Ingestão Eficiente de CSV, JSON e Parquet Passo a Passo",Vídeo,Engenharia de Dados,Básico,25,18,12,10,66.67,1250.0,4.5,LOTE_GOLD_OFICIAL
615,Estudo Técnico e Decisões de Arquitetura em Otimização de Consultas SQL com EXPLAIN ANALYZE,Artigo,Banco de Dados,Avançado,25,18,12,10,66.67,1250.0,4.5,LOTE_GOLD_OFICIAL
616,Princípios Essenciais e Arquitetura de Técnicas de Anonimização e Pseudonimização,Artigo,Segurança & Governança,Intermediário,25,18,12,10,66.67,1250.0,4.5,LOTE_GOLD_OFICIAL
617,Data Insights Ep. 82: Experiências Reais com Design de Dashboards e Eliminação de Chartjunk,Podcast,Business Intelligence,Intermediário,25,18,12,10,66.67,1250.0,4.5,LOTE_GOLD_OFICIAL
618,"Construindo Aplicações Robustas com Métricas de Engajamento, Retenção e Conversão",Curso,Business Intelligence,Básico,25,18,12,10,66.67,1250.0,4.5,LOTE_GOLD_OFICIAL
619,Guia Definitivo e Boas Práticas sobre Interpretabilidade de Modelos com SHAP e LIME,Artigo,Ciência de Dados,Intermediário,25,18,12,10,66.67,1250.0,4.5,LOTE_GOLD_OFICIAL
620,Papo de Dados Ep. 73: Desvendando Embeddings Vetoriais e Representação Semântica,Podcast,Inteligência Artificial,Básico,25,18,12,10,66.67,1250.0,4.5,LOTE_GOLD_OFICIAL
621,Análise Comparativa e Padrões Recomendados em Práticas de DataOps e Qualidade de Dados,Artigo,Engenharia de Dados,Avançado,25,18,12,10,66.67,1250.0,4.5,LOTE_GOLD_OFICIAL
622,Guia Rápido e Hands-on: Escalabilidade e Gestão de Custos em Cloud,Vídeo,DevOps & Cloud,Básico,25,18,12,10,66.67,1250.0,4.5,LOTE_GOLD_OFICIAL
623,Masterclass de Transações ACID e Controle de Concorrência para Projetos Reais,Curso,Banco de Dados,Avançado,25,18,12,10,66.67,1250.0,4.5,LOTE_GOLD_OFICIAL
624,"Especialização em Ingestão Eficiente de CSV, JSON e Parquet com Projetos Práticos",Curso,Engenharia de Dados,Intermediário,25,18,12,10,66.67,1250.0,4.5,LOTE_GOLD_OFICIAL
625,Papo de Dados Ep. 147: Desvendando Orquestração de Workflows com Apache Airflow,Podcast,Engenharia de Dados,Básico,25,18,12,10,66.67,1250.0,4.5,LOTE_GOLD_OFICIAL
626,Data Insights Ep. 99: Experiências Reais com Métricas de Avaliação de Modelos Preditivos,Podcast,Ciência de Dados,Intermediário,25,18,12,10,66.67,1250.0,4.5,LOTE_GOLD_OFICIAL
627,Data Insights Ep. 82: Experiências Reais com Dashboards Estratégicos no Apache Superset,Podcast,Business Intelligence,Básico,25,18,12,10,66.67,1250.0,4.5,LOTE_GOLD_OFICIAL
628,Data Insights Ep. 92: Experiências Reais com Transações ACID e Controle de Concorrência,Podcast,Banco de Dados,Básico,25,18,12,10,66.67,1250.0,4.5,LOTE_GOLD_OFICIAL
629,Formação Prática em Design de Dashboards e Eliminação de Chartjunk: Fundamentos e Aplicação,Curso,Business Intelligence,Intermediário,25,18,12,10,66.67,1250.0,4.5,LOTE_GOLD_OFICIAL
630,Papo de Dados Ep. 53: Desvendando Engenharia de Prompts e Agentes Inteligentes,Podcast,Inteligência Artificial,Básico,25,18,12,10,66.67,1250.0,4.5,LOTE_GOLD_OFICIAL
631,Análise Comparativa e Padrões Recomendados em Refatoração de Código e Padrões PEP 8,Artigo,Programação & Software,Avançado,25,18,12,10,66.67,1250.0,4.5,LOTE_GOLD_OFICIAL
632,Guia Definitivo e Boas Práticas sobre Fundamentos de Deep Learning com PyTorch,Artigo,Inteligência Artificial,Intermediário,25,18,12,10,66.67,1250.0,4.5,LOTE_GOLD_OFICIAL
633,Curso Completo de Conteinerização com Docker e Docker Compose: Da Teoria à Prática,Curso,DevOps & Cloud,Básico,25,18,12,10,66.67,1250.0,4.5,LOTE_GOLD_OFICIAL
634,Melhores Práticas e Arquitetura de Monitoramento com Prometheus e Grafana,Vídeo,DevOps & Cloud,Básico,25,18,12,10,66.67,1250.0,4.5,LOTE_GOLD_OFICIAL
635,Análise Prática e Demonstração de Ambientes Reprodutíveis para Aplicações de Dados,Vídeo,DevOps & Cloud,Avançado,25,18,12,10,66.67,1250.0,4.5,LOTE_GOLD_OFICIAL
636,Estudo Técnico e Decisões de Arquitetura em Design de Dashboards e Eliminação de Chartjunk,Artigo,Business Intelligence,Avançado,25,18,12,10,66.67,1250.0,4.5,LOTE_GOLD_OFICIAL
637,Como Implementar Orquestração de Microsserviços com Kubernetes Passo a Passo,Vídeo,DevOps & Cloud,Avançado,25,18,12,10,66.67,1250.0,4.5,LOTE_GOLD_OFICIAL
638,Princípios Essenciais e Arquitetura de Otimização de Consultas SQL com EXPLAIN ANALYZE,Artigo,Banco de Dados,Avançado,25,18,12,10,66.67,1250.0,4.5,LOTE_GOLD_OFICIAL
639,Masterclass de Data Lakehouse e Armazenamento Delta Lake para Projetos Reais,Curso,Engenharia de Dados,Avançado,25,18,12,10,66.67,1250.0,4.5,LOTE_GOLD_OFICIAL
640,Data Insights Ep. 53: Experiências Reais com Embeddings Vetoriais e Representação Semântica,Podcast,Inteligência Artificial,Avançado,25,18,12,10,66.67,1250.0,4.5,LOTE_GOLD_OFICIAL
641,Especialização em Filtros Interativos e Exploração Granular em BI com Projetos Práticos,Curso,Business Intelligence,Intermediário,25,18,12,10,66.67,1250.0,4.5,LOTE_GOLD_OFICIAL
642,Como Implementar Orquestração de Workflows com Apache Airflow Passo a Passo,Vídeo,Engenharia de Dados,Avançado,25,18,12,10,66.67,1250.0,4.5,LOTE_GOLD_OFICIAL
643,Deep Dive Ep. 14: Casos de Sucesso em Mensageria e Streaming com Apache Kafka,Podcast,Engenharia de Dados,Básico,25,18,12,10,66.67,1250.0,4.5,LOTE_GOLD_OFICIAL
644,Análise Prática e Demonstração de Técnicas de Anonimização e Pseudonimização,Vídeo,Segurança & Governança,Intermediário,25,18,12,10,66.67,1250.0,4.5,LOTE_GOLD_OFICIAL
645,Como Obter Alta Performance Utilizando Dashboards Estratégicos no Apache Superset,Artigo,Business Intelligence,Intermediário,25,18,12,10,66.67,1250.0,4.5,LOTE_GOLD_OFICIAL
646,Melhores Práticas e Arquitetura de Monitoramento de Performance e Acompanhamento de Metas,Vídeo,Business Intelligence,Avançado,25,18,12,10,66.67,1250.0,4.5,LOTE_GOLD_OFICIAL
647,Princípios Essenciais e Arquitetura de Engenharia de Prompts e Agentes Inteligentes,Artigo,Inteligência Artificial,Avançado,25,18,12,10,66.67,1250.0,4.5,LOTE_GOLD_OFICIAL
648,Análise Comparativa e Padrões Recomendados em Governança de Dados para Aplicações de IA,Artigo,Segurança & Governança,Avançado,25,18,12,10,66.67,1250.0,4.5,LOTE_GOLD_OFICIAL
649,Papo de Dados Ep. 56: Desvendando Automação de Servidores Linux e Acesso SSH,Podcast,DevOps & Cloud,Básico,25,18,12,10,66.67,1250.0,4.5,LOTE_GOLD_OFICIAL
650,Formação Prática em Práticas de DataOps e Qualidade de Dados: Fundamentos e Aplicação,Curso,Engenharia de Dados,Básico,25,18,12,10,66.67,1250.0,4.5,LOTE_GOLD_OFICIAL
651,Curso Completo de Modelagem Dimensional Star Schema e Snowflake: Da Teoria à Prática,Curso,Engenharia de Dados,Básico,25,18,12,10,66.67,1250.0,4.5,LOTE_GOLD_OFICIAL
652,Guia Rápido e Hands-on: Storytelling com Dados para Apresentações Executivas,Vídeo,Business Intelligence,Básico,25,18,12,10,66.67,1250.0,4.5,LOTE_GOLD_OFICIAL
653,Deep Dive Ep. 110: Casos de Sucesso em Embeddings Vetoriais e Representação Semântica,Podcast,Inteligência Artificial,Básico,25,18,12,10,66.67,1250.0,4.5,LOTE_GOLD_OFICIAL
654,Especialização em Data Lakehouse e Armazenamento Delta Lake com Projetos Práticos,Curso,Engenharia de Dados,Avançado,25,18,12,10,66.67,1250.0,4.5,LOTE_GOLD_OFICIAL
655,Construindo Aplicações Robustas com APIs RESTful de Alta Performance com FastAPI,Curso,Programação & Software,Básico,25,18,12,10,66.67,1250.0,4.5,LOTE_GOLD_OFICIAL
656,Análise Prática e Demonstração de Busca Vetorial com pgvector e Índices HNSW,Vídeo,Banco de Dados,Intermediário,25,18,12,10,66.67,1250.0,4.5,LOTE_GOLD_OFICIAL
657,Masterclass de Experimentação e Testes A/B Orientados a Dados para Projetos Reais,Curso,Ciência de Dados,Avançado,25,18,12,10,66.67,1250.0,4.5,LOTE_GOLD_OFICIAL
658,Análise Comparativa e Padrões Recomendados em Clusterização e Segmentação de Perfis,Artigo,Ciência de Dados,Intermediário,25,18,12,10,66.67,1250.0,4.5,LOTE_GOLD_OFICIAL
659,Deep Dive Ep. 99: Casos de Sucesso em Fundamentos de Deep Learning com PyTorch,Podcast,Inteligência Artificial,Básico,25,18,12,10,66.67,1250.0,4.5,LOTE_GOLD_OFICIAL
660,Deep Dive Ep. 32: Casos de Sucesso em Adequação à LGPD e Proteção de Dados Pessoais,Podcast,Segurança & Governança,Básico,25,18,12,10,66.67,1250.0,4.5,LOTE_GOLD_OFICIAL
661,Papo de Dados Ep. 114: Desvendando Embeddings Vetoriais e Representação Semântica,Podcast,Inteligência Artificial,Avançado,25,18,12,10,66.67,1250.0,4.5,LOTE_GOLD_OFICIAL
662,Data Insights Ep. 76: Experiências Reais com Práticas de DataOps e Qualidade de Dados,Podcast,Engenharia de Dados,Básico,25,18,12,10,66.67,1250.0,4.5,LOTE_GOLD_OFICIAL
663,Masterclass de Métricas de Avaliação de Modelos Preditivos para Projetos Reais,Curso,Ciência de Dados,Básico,25,18,12,10,66.67,1250.0,4.5,LOTE_GOLD_OFICIAL
664,Como Obter Alta Performance Utilizando Clusterização e Segmentação de Perfis,Artigo,Ciência de Dados,Avançado,25,18,12,10,66.67,1250.0,4.5,LOTE_GOLD_OFICIAL
665,Formação Prática em Arquitetura de Dados Resiliente e Tolerante a Falhas: Fundamentos e Aplicação,Curso,Engenharia de Dados,Avançado,25,18,12,10,66.67,1250.0,4.5,LOTE_GOLD_OFICIAL
666,Curso Completo de Visualizações com Big Numbers e Gráficos Eficazes: Da Teoria à Prática,Curso,Business Intelligence,Intermediário,25,18,12,10,66.67,1250.0,4.5,LOTE_GOLD_OFICIAL
667,Construindo Aplicações Robustas com Modelagem e Agregações Analíticas no SQL Lab,Curso,Business Intelligence,Básico,25,18,12,10,66.67,1250.0,4.5,LOTE_GOLD_OFICIAL
668,Guia Rápido e Hands-on: Previsão de Séries Temporais e Tendências,Vídeo,Ciência de Dados,Intermediário,25,18,12,10,66.67,1250.0,4.5,LOTE_GOLD_OFICIAL
669,Papo de Dados Ep. 113: Desvendando Replicação e Tolerância a Falhas no PostgreSQL,Podcast,Banco de Dados,Intermediário,25,18,12,10,66.67,1250.0,4.5,LOTE_GOLD_OFICIAL
670,Arquitetura & Código Ep. 44: Inovações em Arquitetura Limpa e Princípios SOLID,Podcast,Programação & Software,Intermediário,25,18,12,10,66.67,1250.0,4.5,LOTE_GOLD_OFICIAL
671,Papo de Dados Ep. 5: Desvendando Técnicas de Anonimização e Pseudonimização,Podcast,Segurança & Governança,Avançado,25,18,12,10,66.67,1250.0,4.5,LOTE_GOLD_OFICIAL
672,Guia Rápido e Hands-on: Fine-Tuning de Modelos Fundacionais,Vídeo,Inteligência Artificial,Intermediário,25,18,12,10,66.67,1250.0,4.5,LOTE_GOLD_OFICIAL
673,Papo de Dados Ep. 137: Desvendando Tipagem Estática e Boas Práticas com Mypy,Podcast,Programação & Software,Básico,25,18,12,10,66.67,1250.0,4.5,LOTE_GOLD_OFICIAL
674,Análise Comparativa e Padrões Recomendados em Dashboards Estratégicos no Apache Superset,Artigo,Business Intelligence,Intermediário,25,18,12,10,66.67,1250.0,4.5,LOTE_GOLD_OFICIAL
675,Como Obter Alta Performance Utilizando Storytelling com Dados para Apresentações Executivas,Artigo,Business Intelligence,Avançado,25,18,12,10,66.67,1250.0,4.5,LOTE_GOLD_OFICIAL
676,"Masterclass de Ingestão Eficiente de CSV, JSON e Parquet para Projetos Reais",Curso,Engenharia de Dados,Intermediário,25,18,12,10,66.67,1250.0,4.5,LOTE_GOLD_OFICIAL
677,Melhores Práticas e Arquitetura de Visualizações com Big Numbers e Gráficos Eficazes,Vídeo,Business Intelligence,Intermediário,25,18,12,10,66.67,1250.0,4.5,LOTE_GOLD_OFICIAL
678,Formação Prática em Transações ACID e Controle de Concorrência: Fundamentos e Aplicação,Curso,Banco de Dados,Intermediário,25,18,12,10,66.67,1250.0,4.5,LOTE_GOLD_OFICIAL
679,Estudo Técnico e Decisões de Arquitetura em Integração Híbrida PostgreSQL e NoSQL MongoDB,Artigo,Banco de Dados,Intermediário,25,18,12,10,66.67,1250.0,4.5,LOTE_GOLD_OFICIAL
680,Masterclass de Modelos de Linguagem de Larga Escala (LLMs) para Projetos Reais,Curso,Inteligência Artificial,Intermediário,25,18,12,10,66.67,1250.0,4.5,LOTE_GOLD_OFICIAL
681,Masterclass de Governança e Ética em Sistemas de IA para Projetos Reais,Curso,Inteligência Artificial,Avançado,25,18,12,10,66.67,1250.0,4.5,LOTE_GOLD_OFICIAL
682,Como Implementar Clusterização e Segmentação de Perfis Passo a Passo,Vídeo,Ciência de Dados,Básico,25,18,12,10,66.67,1250.0,4.5,LOTE_GOLD_OFICIAL
683,Princípios Essenciais e Arquitetura de Gestão de Metadados e Qualidade de Dados Mestres,Artigo,Segurança & Governança,Básico,25,18,12,10,66.67,1250.0,4.5,LOTE_GOLD_OFICIAL
684,Data Insights Ep. 6: Experiências Reais com Auditoria e Monitoramento de Logs de Acesso,Podcast,Segurança & Governança,Intermediário,25,18,12,10,66.67,1250.0,4.5,LOTE_GOLD_OFICIAL
685,Estudo Técnico e Decisões de Arquitetura em Armazenamento de Documentos com MongoDB,Artigo,Banco de Dados,Básico,25,18,12,10,66.67,1250.0,4.5,LOTE_GOLD_OFICIAL
686,Data Insights Ep. 80: Experiências Reais com Integração Híbrida PostgreSQL e NoSQL MongoDB,Podcast,Banco de Dados,Avançado,25,18,12,10,66.67,1250.0,4.5,LOTE_GOLD_OFICIAL
687,Construindo Aplicações Robustas com Governança e Padronização de Painéis de Indicadores,Curso,Business Intelligence,Intermediário,25,18,12,10,66.67,1250.0,4.5,LOTE_GOLD_OFICIAL
688,Tech Talk Ep. 96: Melhores Práticas em Integração Híbrida PostgreSQL e NoSQL MongoDB,Podcast,Banco de Dados,Intermediário,25,18,12,10,66.67,1250.0,4.5,LOTE_GOLD_OFICIAL
689,Deep Dive Ep. 57: Casos de Sucesso em Orquestração de Workflows com Apache Airflow,Podcast,Engenharia de Dados,Básico,25,18,12,10,66.67,1250.0,4.5,LOTE_GOLD_OFICIAL
690,Guia Rápido e Hands-on: Conteinerização com Docker e Docker Compose,Vídeo,DevOps & Cloud,Básico,25,18,12,10,66.67,1250.0,4.5,LOTE_GOLD_OFICIAL
691,Análise Prática e Demonstração de APIs RESTful de Alta Performance com FastAPI,Vídeo,Programação & Software,Básico,25,18,12,10,66.67,1250.0,4.5,LOTE_GOLD_OFICIAL
692,Especialização em Linhagem de Dados e Rastreabilidade de Origem com Projetos Práticos,Curso,Segurança & Governança,Intermediário,25,18,12,10,66.67,1250.0,4.5,LOTE_GOLD_OFICIAL
693,Curso Completo de Detecção de Anomalias em Grandes Volumes: Da Teoria à Prática,Curso,Ciência de Dados,Básico,25,18,12,10,66.67,1250.0,4.5,LOTE_GOLD_OFICIAL
694,Construindo Aplicações Robustas com Estatística Descritiva e Inferencial para Decisão,Curso,Ciência de Dados,Intermediário,25,18,12,10,66.67,1250.0,4.5,LOTE_GOLD_OFICIAL
695,Deep Dive Ep. 115: Casos de Sucesso em Tipagem Estática e Boas Práticas com Mypy,Podcast,Programação & Software,Avançado,25,18,12,10,66.67,1250.0,4.5,LOTE_GOLD_OFICIAL
696,Papo de Dados Ep. 135: Desvendando Data Lakehouse e Armazenamento Delta Lake,Podcast,Engenharia de Dados,Básico,25,18,12,10,66.67,1250.0,4.5,LOTE_GOLD_OFICIAL
697,Como Implementar Padrões de Projeto para Engenharia de Software Passo a Passo,Vídeo,Programação & Software,Básico,25,18,12,10,66.67,1250.0,4.5,LOTE_GOLD_OFICIAL
698,Papo de Dados Ep. 134: Desvendando Dashboards Estratégicos no Apache Superset,Podcast,Business Intelligence,Básico,25,18,12,10,66.67,1250.0,4.5,LOTE_GOLD_OFICIAL
699,Como Obter Alta Performance Utilizando Busca Vetorial com pgvector e Índices HNSW,Artigo,Banco de Dados,Avançado,25,18,12,10,66.67,1250.0,4.5,LOTE_GOLD_OFICIAL
700,Guia Rápido e Hands-on: APIs RESTful de Alta Performance com FastAPI,Vídeo,Programação & Software,Básico,25,18,12,10,66.67,1250.0,4.5,LOTE_GOLD_OFICIAL
701,Como Implementar Práticas de DataOps e Qualidade de Dados Passo a Passo,Vídeo,Engenharia de Dados,Avançado,25,18,12,10,66.67,1250.0,4.5,LOTE_GOLD_OFICIAL
702,Construindo Aplicações Robustas com Integração de Conectores com SQLAlchemy e Psycopg3,Curso,Programação & Software,Básico,25,18,12,10,66.67,1250.0,4.5,LOTE_GOLD_OFICIAL
703,Como Obter Alta Performance Utilizando Arquitetura Limpa e Princípios SOLID,Artigo,Programação & Software,Avançado,25,18,12,10,66.67,1250.0,4.5,LOTE_GOLD_OFICIAL
704,Guia Rápido e Hands-on: Sistemas de Recomendação por Similaridade,Vídeo,Inteligência Artificial,Intermediário,25,18,12,10,66.67,1250.0,4.5,LOTE_GOLD_OFICIAL
705,Como Obter Alta Performance Utilizando Criptografia de Dados em Repouso e em Trânsito,Artigo,Segurança & Governança,Intermediário,25,18,12,10,66.67,1250.0,4.5,LOTE_GOLD_OFICIAL
706,Formação Prática em Governança de Dados para Aplicações de IA: Fundamentos e Aplicação,Curso,Segurança & Governança,Avançado,25,18,12,10,66.67,1250.0,4.5,LOTE_GOLD_OFICIAL
707,Guia Definitivo e Boas Práticas sobre Experimentação e Testes A/B Orientados a Dados,Artigo,Ciência de Dados,Básico,25,18,12,10,66.67,1250.0,4.5,LOTE_GOLD_OFICIAL
708,Estudo Técnico e Decisões de Arquitetura em Ambientes Reprodutíveis para Aplicações de Dados,Artigo,DevOps & Cloud,Básico,25,18,12,10,66.67,1250.0,4.5,LOTE_GOLD_OFICIAL
709,Solucionando Desafios do Dia a Dia em Processamento Distribuído com Apache Spark,Vídeo,Engenharia de Dados,Básico,25,18,12,10,66.67,1250.0,4.5,LOTE_GOLD_OFICIAL
710,Princípios Essenciais e Arquitetura de Sistemas de Recomendação por Similaridade,Artigo,Inteligência Artificial,Intermediário,25,18,12,10,66.67,1250.0,4.5,LOTE_GOLD_OFICIAL
711,Curso Completo de Transações ACID e Controle de Concorrência: Da Teoria à Prática,Curso,Banco de Dados,Básico,25,18,12,10,66.67,1250.0,4.5,LOTE_GOLD_OFICIAL
712,Estudo Técnico e Decisões de Arquitetura em Sistemas de Recomendação por Similaridade,Artigo,Inteligência Artificial,Intermediário,25,18,12,10,66.67,1250.0,4.5,LOTE_GOLD_OFICIAL
713,Como Implementar Tipagem Estática e Boas Práticas com Mypy Passo a Passo,Vídeo,Programação & Software,Avançado,25,18,12,10,66.67,1250.0,4.5,LOTE_GOLD_OFICIAL
714,Curso Completo de Auditoria e Monitoramento de Logs de Acesso: Da Teoria à Prática,Curso,Segurança & Governança,Intermediário,25,18,12,10,66.67,1250.0,4.5,LOTE_GOLD_OFICIAL
715,Solucionando Desafios do Dia a Dia em Processamento de Linguagem Natural (PLN),Vídeo,Inteligência Artificial,Intermediário,25,18,12,10,66.67,1250.0,4.5,LOTE_GOLD_OFICIAL
716,Papo de Dados Ep. 79: Desvendando Auditoria e Monitoramento de Logs de Acesso,Podcast,Segurança & Governança,Intermediário,25,18,12,10,66.67,1250.0,4.5,LOTE_GOLD_OFICIAL
717,Deep Dive Ep. 139: Casos de Sucesso em Análise Exploratória de Dados com Pandas,Podcast,Ciência de Dados,Intermediário,25,18,12,10,66.67,1250.0,4.5,LOTE_GOLD_OFICIAL
718,Arquitetura & Código Ep. 69: Inovações em Estruturas de Dados e Algoritmos Eficientes,Podcast,Programação & Software,Básico,25,18,12,10,66.67,1250.0,4.5,LOTE_GOLD_OFICIAL
719,Construindo Aplicações Robustas com Adequação à LGPD e Proteção de Dados Pessoais,Curso,Segurança & Governança,Intermediário,25,18,12,10,66.67,1250.0,4.5,LOTE_GOLD_OFICIAL
720,Como Implementar Conteinerização com Docker e Docker Compose Passo a Passo,Vídeo,DevOps & Cloud,Avançado,25,18,12,10,66.67,1250.0,4.5,LOTE_GOLD_OFICIAL
721,Solucionando Desafios do Dia a Dia em Concorrência e Assincronismo com Asyncio,Vídeo,Programação & Software,Avançado,25,18,12,10,66.67,1250.0,4.5,LOTE_GOLD_OFICIAL
722,Análise Comparativa e Padrões Recomendados em Data Lakehouse e Armazenamento Delta Lake,Artigo,Engenharia de Dados,Avançado,25,18,12,10,66.67,1250.0,4.5,LOTE_GOLD_OFICIAL
723,Construindo Aplicações Robustas com Testes Automatizados e TDD com Pytest,Curso,Programação & Software,Intermediário,25,18,12,10,66.67,1250.0,4.5,LOTE_GOLD_OFICIAL
724,Como Obter Alta Performance Utilizando Transações ACID e Controle de Concorrência,Artigo,Banco de Dados,Avançado,25,18,12,10,66.67,1250.0,4.5,LOTE_GOLD_OFICIAL
725,Guia Rápido e Hands-on: Processamento de Linguagem Natural (PLN),Vídeo,Inteligência Artificial,Básico,25,18,12,10,66.67,1250.0,4.5,LOTE_GOLD_OFICIAL
726,Especialização em Orquestração de Microsserviços com Kubernetes com Projetos Práticos,Curso,DevOps & Cloud,Avançado,25,18,12,10,66.67,1250.0,4.5,LOTE_GOLD_OFICIAL
727,Análise Prática e Demonstração de Data Lakehouse e Armazenamento Delta Lake,Vídeo,Engenharia de Dados,Avançado,25,18,12,10,66.67,1250.0,4.5,LOTE_GOLD_OFICIAL
728,Guia Rápido e Hands-on: Data Lakehouse e Armazenamento Delta Lake,Vídeo,Engenharia de Dados,Básico,25,18,12,10,66.67,1250.0,4.5,LOTE_GOLD_OFICIAL
729,Arquitetura & Código Ep. 31: Inovações em Métricas de Avaliação de Modelos Preditivos,Podcast,Ciência de Dados,Intermediário,25,18,12,10,66.67,1250.0,4.5,LOTE_GOLD_OFICIAL
730,Guia Rápido e Hands-on: Monitoramento de Performance e Acompanhamento de Metas,Vídeo,Business Intelligence,Intermediário,25,18,12,10,66.67,1250.0,4.5,LOTE_GOLD_OFICIAL
731,Solucionando Desafios do Dia a Dia em Modelagem Relacional Avançada no PostgreSQL,Vídeo,Banco de Dados,Avançado,25,18,12,10,66.67,1250.0,4.5,LOTE_GOLD_OFICIAL
732,Deep Dive Ep. 97: Casos de Sucesso em Machine Learning Supervisionado com Scikit-Learn,Podcast,Ciência de Dados,Avançado,25,18,12,10,66.67,1250.0,4.5,LOTE_GOLD_OFICIAL
733,Estudo Técnico e Decisões de Arquitetura em Embeddings Vetoriais e Representação Semântica,Artigo,Inteligência Artificial,Intermediário,25,18,12,10,66.67,1250.0,4.5,LOTE_GOLD_OFICIAL
734,Papo de Dados Ep. 56: Desvendando Orquestração de Microsserviços com Kubernetes,Podcast,DevOps & Cloud,Avançado,25,18,12,10,66.67,1250.0,4.5,LOTE_GOLD_OFICIAL
735,Melhores Práticas e Arquitetura de APIs RESTful de Alta Performance com FastAPI,Vídeo,Programação & Software,Avançado,25,18,12,10,66.67,1250.0,4.5,LOTE_GOLD_OFICIAL
736,Tech Talk Ep. 138: Melhores Práticas em Métricas de Avaliação de Modelos Preditivos,Podcast,Ciência de Dados,Intermediário,25,18,12,10,66.67,1250.0,4.5,LOTE_GOLD_OFICIAL
737,Solucionando Desafios do Dia a Dia em Conteinerização com Docker e Docker Compose,Vídeo,DevOps & Cloud,Básico,25,18,12,10,66.67,1250.0,4.5,LOTE_GOLD_OFICIAL
738,Guia Rápido e Hands-on: Processamento de Linguagem Natural (PLN),Vídeo,Inteligência Artificial,Intermediário,25,18,12,10,66.67,1250.0,4.5,LOTE_GOLD_OFICIAL
739,Formação Prática em Escalabilidade e Gestão de Custos em Cloud: Fundamentos e Aplicação,Curso,DevOps & Cloud,Avançado,25,18,12,10,66.67,1250.0,4.5,LOTE_GOLD_OFICIAL
740,Melhores Práticas e Arquitetura de Machine Learning Supervisionado com Scikit-Learn,Vídeo,Ciência de Dados,Básico,25,18,12,10,66.67,1250.0,4.5,LOTE_GOLD_OFICIAL
741,Melhores Práticas e Arquitetura de Gerenciamento de Ambientes e Segredos em Nuvem,Vídeo,DevOps & Cloud,Avançado,25,18,12,10,66.67,1250.0,4.5,LOTE_GOLD_OFICIAL
742,Análise Comparativa e Padrões Recomendados em Práticas de DataOps e Qualidade de Dados,Artigo,Engenharia de Dados,Básico,25,18,12,10,66.67,1250.0,4.5,LOTE_GOLD_OFICIAL
743,Guia Rápido e Hands-on: Mensageria e Streaming com Apache Kafka,Vídeo,Engenharia de Dados,Intermediário,25,18,12,10,66.67,1250.0,4.5,LOTE_GOLD_OFICIAL
744,Análise Comparativa e Padrões Recomendados em Arquitetura Limpa e Princípios SOLID,Artigo,Programação & Software,Intermediário,25,18,12,10,66.67,1250.0,4.5,LOTE_GOLD_OFICIAL
745,Guia Rápido e Hands-on: Tipagem Estática e Boas Práticas com Mypy,Vídeo,Programação & Software,Básico,25,18,12,10,66.67,1250.0,4.5,LOTE_GOLD_OFICIAL
746,Tech Talk Ep. 57: Melhores Práticas em Filtros Interativos e Exploração Granular em BI,Podcast,Business Intelligence,Intermediário,25,18,12,10,66.67,1250.0,4.5,LOTE_GOLD_OFICIAL
747,Construindo Aplicações Robustas com Modelagem Dimensional Star Schema e Snowflake,Curso,Engenharia de Dados,Básico,25,18,12,10,66.67,1250.0,4.5,LOTE_GOLD_OFICIAL
748,Especialização em Práticas de DataOps e Qualidade de Dados com Projetos Práticos,Curso,Engenharia de Dados,Intermediário,25,18,12,10,66.67,1250.0,4.5,LOTE_GOLD_OFICIAL
749,Data Insights Ep. 93: Experiências Reais com Mensageria e Streaming com Apache Kafka,Podcast,Engenharia de Dados,Intermediário,25,18,12,10,66.67,1250.0,4.5,LOTE_GOLD_OFICIAL
750,Curso Completo de Pipelines de CI/CD para Engenharia de Dados: Da Teoria à Prática,Curso,DevOps & Cloud,Básico,25,18,12,10,66.67,1250.0,4.5,LOTE_GOLD_OFICIAL
751,Especialização em Fundamentos de Deep Learning com PyTorch com Projetos Práticos,Curso,Inteligência Artificial,Básico,25,18,12,10,66.67,1250.0,4.5,LOTE_GOLD_OFICIAL
752,Como Implementar Embeddings Vetoriais e Representação Semântica Passo a Passo,Vídeo,Inteligência Artificial,Avançado,25,18,12,10,66.67,1250.0,4.5,LOTE_GOLD_OFICIAL
753,Estudo Técnico e Decisões de Arquitetura em Replicação e Tolerância a Falhas no PostgreSQL,Artigo,Banco de Dados,Avançado,25,18,12,10,66.67,1250.0,4.5,LOTE_GOLD_OFICIAL
754,Formação Prática em Engenharia de Recursos e Pré-processamento: Fundamentos e Aplicação,Curso,Ciência de Dados,Intermediário,25,18,12,10,66.67,1250.0,4.5,LOTE_GOLD_OFICIAL
755,Princípios Essenciais e Arquitetura de Práticas de DataOps e Qualidade de Dados,Artigo,Engenharia de Dados,Avançado,25,18,12,10,66.67,1250.0,4.5,LOTE_GOLD_OFICIAL
756,Guia Rápido e Hands-on: Experimentação e Testes A/B Orientados a Dados,Vídeo,Ciência de Dados,Avançado,25,18,12,10,66.67,1250.0,4.5,LOTE_GOLD_OFICIAL
757,Especialização em Integração Híbrida PostgreSQL e NoSQL MongoDB com Projetos Práticos,Curso,Banco de Dados,Básico,25,18,12,10,66.67,1250.0,4.5,LOTE_GOLD_OFICIAL
758,Melhores Práticas e Arquitetura de Particionamento e Alta Disponibilidade em Bancos,Vídeo,Banco de Dados,Básico,25,18,12,10,66.67,1250.0,4.5,LOTE_GOLD_OFICIAL
759,Princípios Essenciais e Arquitetura de Governança e Ética em Sistemas de IA,Artigo,Inteligência Artificial,Básico,25,18,12,10,66.67,1250.0,4.5,LOTE_GOLD_OFICIAL
760,Análise Prática e Demonstração de Otimização de Consultas SQL com EXPLAIN ANALYZE,Vídeo,Banco de Dados,Básico,25,18,12,10,66.67,1250.0,4.5,LOTE_GOLD_OFICIAL
761,Princípios Essenciais e Arquitetura de Data Lakehouse e Armazenamento Delta Lake,Artigo,Engenharia de Dados,Avançado,25,18,12,10,66.67,1250.0,4.5,LOTE_GOLD_OFICIAL
762,Curso Completo de Estruturas de Dados e Algoritmos Eficientes: Da Teoria à Prática,Curso,Programação & Software,Intermediário,25,18,12,10,66.67,1250.0,4.5,LOTE_GOLD_OFICIAL
763,Tech Talk Ep. 8: Melhores Práticas em Prevenção contra Vazamentos e Segurança em APIs,Podcast,Segurança & Governança,Intermediário,25,18,12,10,66.67,1250.0,4.5,LOTE_GOLD_OFICIAL
764,Especialização em Governança e Ética em Sistemas de IA com Projetos Práticos,Curso,Inteligência Artificial,Avançado,25,18,12,10,66.67,1250.0,4.5,LOTE_GOLD_OFICIAL
765,Construindo Aplicações Robustas com Arquitetura de Dados Resiliente e Tolerante a Falhas,Curso,Engenharia de Dados,Avançado,25,18,12,10,66.67,1250.0,4.5,LOTE_GOLD_OFICIAL
766,Como Obter Alta Performance Utilizando Processamento Distribuído com Apache Spark,Artigo,Engenharia de Dados,Avançado,25,18,12,10,66.67,1250.0,4.5,LOTE_GOLD_OFICIAL
767,Deep Dive Ep. 88: Casos de Sucesso em Replicação e Tolerância a Falhas no PostgreSQL,Podcast,Banco de Dados,Avançado,25,18,12,10,66.67,1250.0,4.5,LOTE_GOLD_OFICIAL
768,Deep Dive Ep. 89: Casos de Sucesso em Modelos de Linguagem de Larga Escala (LLMs),Podcast,Inteligência Artificial,Intermediário,25,18,12,10,66.67,1250.0,4.5,LOTE_GOLD_OFICIAL
769,Análise Prática e Demonstração de Particionamento e Alta Disponibilidade em Bancos,Vídeo,Banco de Dados,Avançado,25,18,12,10,66.67,1250.0,4.5,LOTE_GOLD_OFICIAL
770,Estudo Técnico e Decisões de Arquitetura em Monitoramento com Prometheus e Grafana,Artigo,DevOps & Cloud,Intermediário,25,18,12,10,66.67,1250.0,4.5,LOTE_GOLD_OFICIAL
771,Como Obter Alta Performance Utilizando Governança de Dados para Aplicações de IA,Artigo,Segurança & Governança,Básico,25,18,12,10,66.67,1250.0,4.5,LOTE_GOLD_OFICIAL
772,Estudo Técnico e Decisões de Arquitetura em Arquitetura RAG e Recuperação Semântica,Artigo,Inteligência Artificial,Avançado,25,18,12,10,66.67,1250.0,4.5,LOTE_GOLD_OFICIAL
773,Guia Rápido e Hands-on: Data Lakehouse e Armazenamento Delta Lake,Vídeo,Engenharia de Dados,Intermediário,25,18,12,10,66.67,1250.0,4.5,LOTE_GOLD_OFICIAL
774,Como Obter Alta Performance Utilizando Modelagem e Agregações Analíticas no SQL Lab,Artigo,Business Intelligence,Avançado,25,18,12,10,66.67,1250.0,4.5,LOTE_GOLD_OFICIAL
775,Arquitetura & Código Ep. 95: Inovações em Orquestração de Microsserviços com Kubernetes,Podcast,DevOps & Cloud,Básico,25,18,12,10,66.67,1250.0,4.5,LOTE_GOLD_OFICIAL
776,Guia Definitivo e Boas Práticas sobre Processamento de Linguagem Natural (PLN),Artigo,Inteligência Artificial,Básico,25,18,12,10,66.67,1250.0,4.5,LOTE_GOLD_OFICIAL
777,Data Insights Ep. 5: Experiências Reais com Auditoria e Monitoramento de Logs de Acesso,Podcast,Segurança & Governança,Avançado,25,18,12,10,66.67,1250.0,4.5,LOTE_GOLD_OFICIAL
778,Curso Completo de Monitoramento com Prometheus e Grafana: Da Teoria à Prática,Curso,DevOps & Cloud,Avançado,25,18,12,10,66.67,1250.0,4.5,LOTE_GOLD_OFICIAL
779,Arquitetura & Código Ep. 114: Inovações em Modelagem e Agregações Analíticas no SQL Lab,Podcast,Business Intelligence,Básico,25,18,12,10,66.67,1250.0,4.5,LOTE_GOLD_OFICIAL
780,Curso Completo de Armazenamento de Documentos com MongoDB: Da Teoria à Prática,Curso,Banco de Dados,Básico,25,18,12,10,66.67,1250.0,4.5,LOTE_GOLD_OFICIAL
781,Papo de Dados Ep. 24: Desvendando Práticas de DataOps e Qualidade de Dados,Podcast,Engenharia de Dados,Avançado,25,18,12,10,66.67,1250.0,4.5,LOTE_GOLD_OFICIAL
782,Tech Talk Ep. 105: Melhores Práticas em Pipelines e Transformações com Apache Hop,Podcast,Engenharia de Dados,Intermediário,25,18,12,10,66.67,1250.0,4.5,LOTE_GOLD_OFICIAL
783,Guia Definitivo e Boas Práticas sobre Estratégias de Indexação e Performance de Bancos,Artigo,Banco de Dados,Avançado,25,18,12,10,66.67,1250.0,4.5,LOTE_GOLD_OFICIAL
784,Especialização em Armazenamento de Documentos com MongoDB com Projetos Práticos,Curso,Banco de Dados,Intermediário,25,18,12,10,66.67,1250.0,4.5,LOTE_GOLD_OFICIAL
785,Como Obter Alta Performance Utilizando Estatística Descritiva e Inferencial para Decisão,Artigo,Ciência de Dados,Avançado,25,18,12,10,66.67,1250.0,4.5,LOTE_GOLD_OFICIAL
786,Melhores Práticas e Arquitetura de Ambientes Reprodutíveis para Aplicações de Dados,Vídeo,DevOps & Cloud,Básico,25,18,12,10,66.67,1250.0,4.5,LOTE_GOLD_OFICIAL
787,Tech Talk Ep. 109: Melhores Práticas em Embeddings Vetoriais e Representação Semântica,Podcast,Inteligência Artificial,Avançado,25,18,12,10,66.67,1250.0,4.5,LOTE_GOLD_OFICIAL
788,"Guia Definitivo e Boas Práticas sobre Métricas de Engajamento, Retenção e Conversão",Artigo,Business Intelligence,Básico,25,18,12,10,66.67,1250.0,4.5,LOTE_GOLD_OFICIAL
789,Masterclass de Sistemas de Recomendação por Similaridade para Projetos Reais,Curso,Inteligência Artificial,Avançado,25,18,12,10,66.67,1250.0,4.5,LOTE_GOLD_OFICIAL
790,Como Implementar Técnicas de Anonimização e Pseudonimização Passo a Passo,Vídeo,Segurança & Governança,Intermediário,25,18,12,10,66.67,1250.0,4.5,LOTE_GOLD_OFICIAL
791,Como Obter Alta Performance Utilizando Concorrência e Assincronismo com Asyncio,Artigo,Programação & Software,Básico,25,18,12,10,66.67,1250.0,4.5,LOTE_GOLD_OFICIAL
792,Princípios Essenciais e Arquitetura de Orquestração de Microsserviços com Kubernetes,Artigo,DevOps & Cloud,Avançado,25,18,12,10,66.67,1250.0,4.5,LOTE_GOLD_OFICIAL
793,Arquitetura & Código Ep. 112: Inovações em Clusterização e Segmentação de Perfis,Podcast,Ciência de Dados,Básico,25,18,12,10,66.67,1250.0,4.5,LOTE_GOLD_OFICIAL
794,Formação Prática em Estratégias de Indexação e Performance de Bancos: Fundamentos e Aplicação,Curso,Banco de Dados,Avançado,25,18,12,10,66.67,1250.0,4.5,LOTE_GOLD_OFICIAL
795,Como Implementar Filtros Interativos e Exploração Granular em BI Passo a Passo,Vídeo,Business Intelligence,Avançado,25,18,12,10,66.67,1250.0,4.5,LOTE_GOLD_OFICIAL
796,Guia Rápido e Hands-on: Estruturas de Dados e Algoritmos Eficientes,Vídeo,Programação & Software,Avançado,25,18,12,10,66.67,1250.0,4.5,LOTE_GOLD_OFICIAL
797,Formação Prática em Storytelling com Dados para Apresentações Executivas: Fundamentos e Aplicação,Curso,Business Intelligence,Intermediário,25,18,12,10,66.67,1250.0,4.5,LOTE_GOLD_OFICIAL
798,Como Obter Alta Performance Utilizando Machine Learning Supervisionado com Scikit-Learn,Artigo,Ciência de Dados,Básico,25,18,12,10,66.67,1250.0,4.5,LOTE_GOLD_OFICIAL
799,Arquitetura & Código Ep. 98: Inovações em Modelos de Linguagem de Larga Escala (LLMs),Podcast,Inteligência Artificial,Básico,25,18,12,10,66.67,1250.0,4.5,LOTE_GOLD_OFICIAL
800,Construindo Aplicações Robustas com APIs RESTful de Alta Performance com FastAPI,Curso,Programação & Software,Básico,25,18,12,10,66.67,1250.0,4.5,LOTE_GOLD_OFICIAL
801,Estudo Técnico e Decisões de Arquitetura em Estruturas de Dados e Algoritmos Eficientes,Artigo,Programação & Software,Básico,25,18,12,10,66.67,1250.0,4.5,LOTE_GOLD_OFICIAL
802,Melhores Práticas e Arquitetura de Consultas e Índices GIN com JSONB no PostgreSQL,Vídeo,Banco de Dados,Avançado,25,18,12,10,66.67,1250.0,4.5,LOTE_GOLD_OFICIAL
803,Guia Definitivo e Boas Práticas sobre Automação de Servidores Linux e Acesso SSH,Artigo,DevOps & Cloud,Avançado,25,18,12,10,66.67,1250.0,4.5,LOTE_GOLD_OFICIAL
804,Tech Talk Ep. 41: Melhores Práticas em Concorrência e Assincronismo com Asyncio,Podcast,Programação & Software,Intermediário,25,18,12,10,66.67,1250.0,4.5,LOTE_GOLD_OFICIAL
805,Solucionando Desafios do Dia a Dia em Transações ACID e Controle de Concorrência,Vídeo,Banco de Dados,Básico,25,18,12,10,66.67,1250.0,4.5,LOTE_GOLD_OFICIAL
806,Papo de Dados Ep. 56: Desvendando Orquestração de Microsserviços com Kubernetes,Podcast,DevOps & Cloud,Intermediário,25,18,12,10,66.67,1250.0,4.5,LOTE_GOLD_OFICIAL
807,Solucionando Desafios do Dia a Dia em Estatística Descritiva e Inferencial para Decisão,Vídeo,Ciência de Dados,Avançado,25,18,12,10,66.67,1250.0,4.5,LOTE_GOLD_OFICIAL
808,Guia Definitivo e Boas Práticas sobre Gerenciamento de Ambientes e Segredos em Nuvem,Artigo,DevOps & Cloud,Básico,25,18,12,10,66.67,1250.0,4.5,LOTE_GOLD_OFICIAL
809,Guia Definitivo e Boas Práticas sobre Catálogo de Dados Corporativo e Glossário,Artigo,Segurança & Governança,Avançado,25,18,12,10,66.67,1250.0,4.5,LOTE_GOLD_OFICIAL
810,Melhores Práticas e Arquitetura de Integração Híbrida PostgreSQL e NoSQL MongoDB,Vídeo,Banco de Dados,Avançado,25,18,12,10,66.67,1250.0,4.5,LOTE_GOLD_OFICIAL
811,Construindo Aplicações Robustas com Mensageria e Streaming com Apache Kafka,Curso,Engenharia de Dados,Básico,25,18,12,10,66.67,1250.0,4.5,LOTE_GOLD_OFICIAL
812,Estudo Técnico e Decisões de Arquitetura em Embeddings Vetoriais e Representação Semântica,Artigo,Inteligência Artificial,Intermediário,25,18,12,10,66.67,1250.0,4.5,LOTE_GOLD_OFICIAL
813,Data Insights Ep. 17: Experiências Reais com Ambientes Reprodutíveis para Aplicações de Dados,Podcast,DevOps & Cloud,Intermediário,25,18,12,10,66.67,1250.0,4.5,LOTE_GOLD_OFICIAL
814,Como Obter Alta Performance Utilizando Orquestração de Workflows com Apache Airflow,Artigo,Engenharia de Dados,Avançado,25,18,12,10,66.67,1250.0,4.5,LOTE_GOLD_OFICIAL
815,Guia Definitivo e Boas Práticas sobre Análise Exploratória de Dados com Pandas,Artigo,Ciência de Dados,Avançado,25,18,12,10,66.67,1250.0,4.5,LOTE_GOLD_OFICIAL
816,Análise Comparativa e Padrões Recomendados em Armazenamento de Documentos com MongoDB,Artigo,Banco de Dados,Básico,25,18,12,10,66.67,1250.0,4.5,LOTE_GOLD_OFICIAL
817,Data Insights Ep. 65: Experiências Reais com APIs RESTful de Alta Performance com FastAPI,Podcast,Programação & Software,Básico,25,18,12,10,66.67,1250.0,4.5,LOTE_GOLD_OFICIAL
818,Arquitetura & Código Ep. 127: Inovações em Estruturas de Dados e Algoritmos Eficientes,Podcast,Programação & Software,Avançado,25,18,12,10,66.67,1250.0,4.5,LOTE_GOLD_OFICIAL
819,Como Obter Alta Performance Utilizando Monitoramento com Prometheus e Grafana,Artigo,DevOps & Cloud,Avançado,25,18,12,10,66.67,1250.0,4.5,LOTE_GOLD_OFICIAL
820,Melhores Práticas e Arquitetura de Design de Dashboards e Eliminação de Chartjunk,Vídeo,Business Intelligence,Intermediário,25,18,12,10,66.67,1250.0,4.5,LOTE_GOLD_OFICIAL
821,Princípios Essenciais e Arquitetura de Integração Híbrida PostgreSQL e NoSQL MongoDB,Artigo,Banco de Dados,Básico,25,18,12,10,66.67,1250.0,4.5,LOTE_GOLD_OFICIAL
822,Curso Completo de Práticas de DataOps e Qualidade de Dados: Da Teoria à Prática,Curso,Engenharia de Dados,Básico,25,18,12,10,66.67,1250.0,4.5,LOTE_GOLD_OFICIAL
823,Guia Definitivo e Boas Práticas sobre Integração de Conectores com SQLAlchemy e Psycopg3,Artigo,Programação & Software,Avançado,25,18,12,10,66.67,1250.0,4.5,LOTE_GOLD_OFICIAL
824,Masterclass de Ambientes Reprodutíveis para Aplicações de Dados para Projetos Reais,Curso,DevOps & Cloud,Avançado,25,18,12,10,66.67,1250.0,4.5,LOTE_GOLD_OFICIAL
825,Solucionando Desafios do Dia a Dia em Escalabilidade e Gestão de Custos em Cloud,Vídeo,DevOps & Cloud,Avançado,25,18,12,10,66.67,1250.0,4.5,LOTE_GOLD_OFICIAL
826,Melhores Práticas e Arquitetura de Dashboards Estratégicos no Apache Superset,Vídeo,Business Intelligence,Básico,25,18,12,10,66.67,1250.0,4.5,LOTE_GOLD_OFICIAL
827,Masterclass de Concorrência e Assincronismo com Asyncio para Projetos Reais,Curso,Programação & Software,Intermediário,25,18,12,10,66.67,1250.0,4.5,LOTE_GOLD_OFICIAL
828,Análise Comparativa e Padrões Recomendados em Estratégias de Indexação e Performance de Bancos,Artigo,Banco de Dados,Intermediário,25,18,12,10,66.67,1250.0,4.5,LOTE_GOLD_OFICIAL
829,Guia Rápido e Hands-on: Armazenamento de Documentos com MongoDB,Vídeo,Banco de Dados,Intermediário,25,18,12,10,66.67,1250.0,4.5,LOTE_GOLD_OFICIAL
830,Análise Prática e Demonstração de Previsão de Séries Temporais e Tendências,Vídeo,Ciência de Dados,Básico,25,18,12,10,66.67,1250.0,4.5,LOTE_GOLD_OFICIAL
831,Como Implementar Estruturas de Dados e Algoritmos Eficientes Passo a Passo,Vídeo,Programação & Software,Avançado,25,18,12,10,66.67,1250.0,4.5,LOTE_GOLD_OFICIAL
832,Arquitetura & Código Ep. 41: Inovações em Armazenamento de Documentos com MongoDB,Podcast,Banco de Dados,Avançado,25,18,12,10,66.67,1250.0,4.5,LOTE_GOLD_OFICIAL
833,Solucionando Desafios do Dia a Dia em Infraestrutura como Código com Terraform,Vídeo,DevOps & Cloud,Avançado,25,18,12,10,66.67,1250.0,4.5,LOTE_GOLD_OFICIAL
834,Construindo Aplicações Robustas com APIs RESTful de Alta Performance com FastAPI,Curso,Programação & Software,Básico,25,18,12,10,66.67,1250.0,4.5,LOTE_GOLD_OFICIAL
835,Solucionando Desafios do Dia a Dia em Sistemas de Recomendação por Similaridade,Vídeo,Inteligência Artificial,Avançado,25,18,12,10,66.67,1250.0,4.5,LOTE_GOLD_OFICIAL
836,Papo de Dados Ep. 20: Desvendando Escalabilidade e Gestão de Custos em Cloud,Podcast,DevOps & Cloud,Avançado,25,18,12,10,66.67,1250.0,4.5,LOTE_GOLD_OFICIAL
837,Tech Talk Ep. 138: Melhores Práticas em Modelagem Relacional Avançada no PostgreSQL,Podcast,Banco de Dados,Básico,25,18,12,10,66.67,1250.0,4.5,LOTE_GOLD_OFICIAL
838,Curso Completo de Controle de Acesso Baseado em Papéis (RBAC): Da Teoria à Prática,Curso,Segurança & Governança,Avançado,25,18,12,10,66.67,1250.0,4.5,LOTE_GOLD_OFICIAL
839,Masterclass de Modelagem Dimensional Star Schema e Snowflake para Projetos Reais,Curso,Engenharia de Dados,Básico,25,18,12,10,66.67,1250.0,4.5,LOTE_GOLD_OFICIAL
840,Solucionando Desafios do Dia a Dia em Machine Learning Supervisionado com Scikit-Learn,Vídeo,Ciência de Dados,Intermediário,25,18,12,10,66.67,1250.0,4.5,LOTE_GOLD_OFICIAL
841,Masterclass de Otimização de Consultas SQL com EXPLAIN ANALYZE para Projetos Reais,Curso,Banco de Dados,Avançado,25,18,12,10,66.67,1250.0,4.5,LOTE_GOLD_OFICIAL
842,Construindo Aplicações Robustas com Criptografia de Dados em Repouso e em Trânsito,Curso,Segurança & Governança,Intermediário,25,18,12,10,66.67,1250.0,4.5,LOTE_GOLD_OFICIAL
843,Arquitetura & Código Ep. 47: Inovações em Armazenamento de Documentos com MongoDB,Podcast,Banco de Dados,Básico,25,18,12,10,66.67,1250.0,4.5,LOTE_GOLD_OFICIAL
844,Princípios Essenciais e Arquitetura de Processamento de Linguagem Natural (PLN),Artigo,Inteligência Artificial,Intermediário,25,18,12,10,66.67,1250.0,4.5,LOTE_GOLD_OFICIAL
845,Como Obter Alta Performance Utilizando Dashboards Estratégicos no Apache Superset,Artigo,Business Intelligence,Intermediário,25,18,12,10,66.67,1250.0,4.5,LOTE_GOLD_OFICIAL
846,Estudo Técnico e Decisões de Arquitetura em Clusterização e Segmentação de Perfis,Artigo,Ciência de Dados,Intermediário,25,18,12,10,66.67,1250.0,4.5,LOTE_GOLD_OFICIAL
847,Como Obter Alta Performance Utilizando Sistemas de Recomendação por Similaridade,Artigo,Inteligência Artificial,Avançado,25,18,12,10,66.67,1250.0,4.5,LOTE_GOLD_OFICIAL
848,Papo de Dados Ep. 64: Desvendando Auditoria e Monitoramento de Logs de Acesso,Podcast,Segurança & Governança,Intermediário,25,18,12,10,66.67,1250.0,4.5,LOTE_GOLD_OFICIAL
849,Tech Talk Ep. 90: Melhores Práticas em Clusterização e Segmentação de Perfis,Podcast,Ciência de Dados,Intermediário,25,18,12,10,66.67,1250.0,4.5,LOTE_GOLD_OFICIAL
850,Solucionando Desafios do Dia a Dia em Mensageria e Streaming com Apache Kafka,Vídeo,Engenharia de Dados,Avançado,25,18,12,10,66.67,1250.0,4.5,LOTE_GOLD_OFICIAL
851,Masterclass de Governança de Dados para Aplicações de IA para Projetos Reais,Curso,Segurança & Governança,Básico,25,18,12,10,66.67,1250.0,4.5,LOTE_GOLD_OFICIAL
852,Melhores Práticas e Arquitetura de Concorrência e Assincronismo com Asyncio,Vídeo,Programação & Software,Intermediário,25,18,12,10,66.67,1250.0,4.5,LOTE_GOLD_OFICIAL
853,Papo de Dados Ep. 36: Desvendando Orquestração de Microsserviços com Kubernetes,Podcast,DevOps & Cloud,Intermediário,25,18,12,10,66.67,1250.0,4.5,LOTE_GOLD_OFICIAL
854,Análise Prática e Demonstração de Modelagem Dimensional Star Schema e Snowflake,Vídeo,Engenharia de Dados,Avançado,25,18,12,10,66.67,1250.0,4.5,LOTE_GOLD_OFICIAL
855,Análise Prática e Demonstração de Consultas e Índices GIN com JSONB no PostgreSQL,Vídeo,Banco de Dados,Avançado,25,18,12,10,66.67,1250.0,4.5,LOTE_GOLD_OFICIAL
856,Deep Dive Ep. 39: Casos de Sucesso em Modelagem Relacional Avançada no PostgreSQL,Podcast,Banco de Dados,Básico,25,18,12,10,66.67,1250.0,4.5,LOTE_GOLD_OFICIAL
857,Papo de Dados Ep. 146: Desvendando Criptografia de Dados em Repouso e em Trânsito,Podcast,Segurança & Governança,Avançado,25,18,12,10,66.67,1250.0,4.5,LOTE_GOLD_OFICIAL
858,Análise Comparativa e Padrões Recomendados em Orquestração de Workflows com Apache Airflow,Artigo,Engenharia de Dados,Intermediário,25,18,12,10,66.67,1250.0,4.5,LOTE_GOLD_OFICIAL
859,Melhores Práticas e Arquitetura de Testes Automatizados e TDD com Pytest,Vídeo,Programação & Software,Intermediário,25,18,12,10,66.67,1250.0,4.5,LOTE_GOLD_OFICIAL
860,Especialização em Otimização de Consultas SQL com EXPLAIN ANALYZE com Projetos Práticos,Curso,Banco de Dados,Intermediário,25,18,12,10,66.67,1250.0,4.5,LOTE_GOLD_OFICIAL
861,Melhores Práticas e Arquitetura de Automação de Servidores Linux e Acesso SSH,Vídeo,DevOps & Cloud,Básico,25,18,12,10,66.67,1250.0,4.5,LOTE_GOLD_OFICIAL
862,Tech Talk Ep. 74: Melhores Práticas em Técnicas de Anonimização e Pseudonimização,Podcast,Segurança & Governança,Avançado,25,18,12,10,66.67,1250.0,4.5,LOTE_GOLD_OFICIAL
863,Data Insights Ep. 59: Experiências Reais com Estratégias de Indexação e Performance de Bancos,Podcast,Banco de Dados,Básico,25,18,12,10,66.67,1250.0,4.5,LOTE_GOLD_OFICIAL
864,Solucionando Desafios do Dia a Dia em Visão Computacional e Processamento de Imagens,Vídeo,Inteligência Artificial,Básico,25,18,12,10,66.67,1250.0,4.5,LOTE_GOLD_OFICIAL
865,Como Obter Alta Performance Utilizando Tipagem Estática e Boas Práticas com Mypy,Artigo,Programação & Software,Básico,25,18,12,10,66.67,1250.0,4.5,LOTE_GOLD_OFICIAL
866,Melhores Práticas e Arquitetura de Governança e Padronização de Painéis de Indicadores,Vídeo,Business Intelligence,Intermediário,25,18,12,10,66.67,1250.0,4.5,LOTE_GOLD_OFICIAL
867,Deep Dive Ep. 93: Casos de Sucesso em Transações ACID e Controle de Concorrência,Podcast,Banco de Dados,Intermediário,25,18,12,10,66.67,1250.0,4.5,LOTE_GOLD_OFICIAL
868,Curso Completo de Análise Exploratória de Dados com Pandas: Da Teoria à Prática,Curso,Ciência de Dados,Avançado,25,18,12,10,66.67,1250.0,4.5,LOTE_GOLD_OFICIAL
869,Como Obter Alta Performance Utilizando Visão Computacional e Processamento de Imagens,Artigo,Inteligência Artificial,Intermediário,25,18,12,10,66.67,1250.0,4.5,LOTE_GOLD_OFICIAL
870,Deep Dive Ep. 74: Casos de Sucesso em Experimentação e Testes A/B Orientados a Dados,Podcast,Ciência de Dados,Básico,25,18,12,10,66.67,1250.0,4.5,LOTE_GOLD_OFICIAL
871,Curso Completo de Clusterização e Segmentação de Perfis: Da Teoria à Prática,Curso,Ciência de Dados,Intermediário,25,18,12,10,66.67,1250.0,4.5,LOTE_GOLD_OFICIAL
872,Estudo Técnico e Decisões de Arquitetura em Governança e Padronização de Painéis de Indicadores,Artigo,Business Intelligence,Intermediário,25,18,12,10,66.67,1250.0,4.5,LOTE_GOLD_OFICIAL
873,Guia Definitivo e Boas Práticas sobre Monitoramento de Performance e Acompanhamento de Metas,Artigo,Business Intelligence,Básico,25,18,12,10,66.67,1250.0,4.5,LOTE_GOLD_OFICIAL
874,Masterclass de Dashboards Estratégicos no Apache Superset para Projetos Reais,Curso,Business Intelligence,Básico,25,18,12,10,66.67,1250.0,4.5,LOTE_GOLD_OFICIAL
875,Arquitetura & Código Ep. 99: Inovações em Modelagem Relacional Avançada no PostgreSQL,Podcast,Banco de Dados,Avançado,25,18,12,10,66.67,1250.0,4.5,LOTE_GOLD_OFICIAL
876,"Data Insights Ep. 21: Experiências Reais com Python Avançado: POO, Decorators e Geradores",Podcast,Programação & Software,Básico,25,18,12,10,66.67,1250.0,4.5,LOTE_GOLD_OFICIAL
877,Análise Prática e Demonstração de Infraestrutura como Código com Terraform,Vídeo,DevOps & Cloud,Básico,25,18,12,10,66.67,1250.0,4.5,LOTE_GOLD_OFICIAL
878,Curso Completo de Gestão de Metadados e Qualidade de Dados Mestres: Da Teoria à Prática,Curso,Segurança & Governança,Básico,25,18,12,10,66.67,1250.0,4.5,LOTE_GOLD_OFICIAL
879,Formação Prática em Particionamento e Alta Disponibilidade em Bancos: Fundamentos e Aplicação,Curso,Banco de Dados,Intermediário,25,18,12,10,66.67,1250.0,4.5,LOTE_GOLD_OFICIAL
880,Deep Dive Ep. 60: Casos de Sucesso em Práticas de DataOps e Qualidade de Dados,Podcast,Engenharia de Dados,Intermediário,25,18,12,10,66.67,1250.0,4.5,LOTE_GOLD_OFICIAL
881,Data Insights Ep. 56: Experiências Reais com Dashboards Estratégicos no Apache Superset,Podcast,Business Intelligence,Intermediário,25,18,12,10,66.67,1250.0,4.5,LOTE_GOLD_OFICIAL
882,Princípios Essenciais e Arquitetura de Design de Dashboards e Eliminação de Chartjunk,Artigo,Business Intelligence,Básico,25,18,12,10,66.67,1250.0,4.5,LOTE_GOLD_OFICIAL
883,Formação Prática em Linhagem de Dados e Rastreabilidade de Origem: Fundamentos e Aplicação,Curso,Segurança & Governança,Básico,25,18,12,10,66.67,1250.0,4.5,LOTE_GOLD_OFICIAL
884,Solucionando Desafios do Dia a Dia em Visualizações com Big Numbers e Gráficos Eficazes,Vídeo,Business Intelligence,Avançado,25,18,12,10,66.67,1250.0,4.5,LOTE_GOLD_OFICIAL
885,Estudo Técnico e Decisões de Arquitetura em Prevenção contra Vazamentos e Segurança em APIs,Artigo,Segurança & Governança,Intermediário,25,18,12,10,66.67,1250.0,4.5,LOTE_GOLD_OFICIAL
886,Solucionando Desafios do Dia a Dia em Filtros Interativos e Exploração Granular em BI,Vídeo,Business Intelligence,Intermediário,25,18,12,10,66.67,1250.0,4.5,LOTE_GOLD_OFICIAL
887,Solucionando Desafios do Dia a Dia em Segurança de Redes e Controle de Acesso,Vídeo,DevOps & Cloud,Intermediário,25,18,12,10,66.67,1250.0,4.5,LOTE_GOLD_OFICIAL
888,Como Obter Alta Performance Utilizando Catálogo de Dados Corporativo e Glossário,Artigo,Segurança & Governança,Básico,25,18,12,10,66.67,1250.0,4.5,LOTE_GOLD_OFICIAL
889,Data Insights Ep. 108: Experiências Reais com Fundamentos de Deep Learning com PyTorch,Podcast,Inteligência Artificial,Intermediário,25,18,12,10,66.67,1250.0,4.5,LOTE_GOLD_OFICIAL
890,Solucionando Desafios do Dia a Dia em Busca Vetorial com pgvector e Índices HNSW,Vídeo,Banco de Dados,Intermediário,25,18,12,10,66.67,1250.0,4.5,LOTE_GOLD_OFICIAL
891,Guia Definitivo e Boas Práticas sobre Filtros Interativos e Exploração Granular em BI,Artigo,Business Intelligence,Avançado,25,18,12,10,66.67,1250.0,4.5,LOTE_GOLD_OFICIAL
892,Solucionando Desafios do Dia a Dia em Pipelines de CI/CD para Engenharia de Dados,Vídeo,DevOps & Cloud,Avançado,25,18,12,10,66.67,1250.0,4.5,LOTE_GOLD_OFICIAL
893,Masterclass de Data Lakehouse e Armazenamento Delta Lake para Projetos Reais,Curso,Engenharia de Dados,Intermediário,25,18,12,10,66.67,1250.0,4.5,LOTE_GOLD_OFICIAL
894,Arquitetura & Código Ep. 51: Inovações em Modelagem e Agregações Analíticas no SQL Lab,Podcast,Business Intelligence,Avançado,25,18,12,10,66.67,1250.0,4.5,LOTE_GOLD_OFICIAL
895,Guia Rápido e Hands-on: Padrões de Projeto para Engenharia de Software,Vídeo,Programação & Software,Básico,25,18,12,10,66.67,1250.0,4.5,LOTE_GOLD_OFICIAL
896,Especialização em Transações ACID e Controle de Concorrência com Projetos Práticos,Curso,Banco de Dados,Avançado,25,18,12,10,66.67,1250.0,4.5,LOTE_GOLD_OFICIAL
897,Curso Completo de Fine-Tuning de Modelos Fundacionais: Da Teoria à Prática,Curso,Inteligência Artificial,Intermediário,25,18,12,10,66.67,1250.0,4.5,LOTE_GOLD_OFICIAL
898,Melhores Práticas e Arquitetura de Visão Computacional e Processamento de Imagens,Vídeo,Inteligência Artificial,Avançado,25,18,12,10,66.67,1250.0,4.5,LOTE_GOLD_OFICIAL
899,Curso Completo de Práticas de DataOps e Qualidade de Dados: Da Teoria à Prática,Curso,Engenharia de Dados,Intermediário,25,18,12,10,66.67,1250.0,4.5,LOTE_GOLD_OFICIAL
900,"Formação Prática em Python Avançado: POO, Decorators e Geradores: Fundamentos e Aplicação",Curso,Programação & Software,Intermediário,25,18,12,10,66.67,1250.0,4.5,LOTE_GOLD_OFICIAL
901,Curso Completo de Modelagem Relacional Avançada no PostgreSQL: Da Teoria à Prática,Curso,Banco de Dados,Básico,25,18,12,10,66.67,1250.0,4.5,LOTE_GOLD_OFICIAL
902,Solucionando Desafios do Dia a Dia em Mensageria e Streaming com Apache Kafka,Vídeo,Engenharia de Dados,Intermediário,25,18,12,10,66.67,1250.0,4.5,LOTE_GOLD_OFICIAL
903,Estudo Técnico e Decisões de Arquitetura em Mensageria e Streaming com Apache Kafka,Artigo,Engenharia de Dados,Avançado,25,18,12,10,66.67,1250.0,4.5,LOTE_GOLD_OFICIAL
904,"Data Insights Ep. 128: Experiências Reais com Python Avançado: POO, Decorators e Geradores",Podcast,Programação & Software,Avançado,25,18,12,10,66.67,1250.0,4.5,LOTE_GOLD_OFICIAL
905,Princípios Essenciais e Arquitetura de Padrões de Projeto para Engenharia de Software,Artigo,Programação & Software,Intermediário,25,18,12,10,66.67,1250.0,4.5,LOTE_GOLD_OFICIAL
906,Construindo Aplicações Robustas com Engenharia de Recursos e Pré-processamento,Curso,Ciência de Dados,Intermediário,25,18,12,10,66.67,1250.0,4.5,LOTE_GOLD_OFICIAL
907,Papo de Dados Ep. 71: Desvendando Orquestração de Workflows com Apache Airflow,Podcast,Engenharia de Dados,Avançado,25,18,12,10,66.67,1250.0,4.5,LOTE_GOLD_OFICIAL
908,Deep Dive Ep. 122: Casos de Sucesso em Pipelines e Transformações com Apache Hop,Podcast,Engenharia de Dados,Avançado,25,18,12,10,66.67,1250.0,4.5,LOTE_GOLD_OFICIAL
909,Análise Comparativa e Padrões Recomendados em Modelos de Linguagem de Larga Escala (LLMs),Artigo,Inteligência Artificial,Básico,25,18,12,10,66.67,1250.0,4.5,LOTE_GOLD_OFICIAL
910,Como Obter Alta Performance Utilizando Machine Learning Supervisionado com Scikit-Learn,Artigo,Ciência de Dados,Avançado,25,18,12,10,66.67,1250.0,4.5,LOTE_GOLD_OFICIAL
911,Análise Comparativa e Padrões Recomendados em APIs RESTful de Alta Performance com FastAPI,Artigo,Programação & Software,Básico,25,18,12,10,66.67,1250.0,4.5,LOTE_GOLD_OFICIAL
912,Data Insights Ep. 117: Experiências Reais com Arquitetura de Dados Resiliente e Tolerante a Falhas,Podcast,Engenharia de Dados,Avançado,25,18,12,10,66.67,1250.0,4.5,LOTE_GOLD_OFICIAL
913,Especialização em Automação de Servidores Linux e Acesso SSH com Projetos Práticos,Curso,DevOps & Cloud,Avançado,25,18,12,10,66.67,1250.0,4.5,LOTE_GOLD_OFICIAL
914,Construindo Aplicações Robustas com Infraestrutura como Código com Terraform,Curso,DevOps & Cloud,Intermediário,25,18,12,10,66.67,1250.0,4.5,LOTE_GOLD_OFICIAL
915,Estudo Técnico e Decisões de Arquitetura em Testes Automatizados e TDD com Pytest,Artigo,Programação & Software,Básico,25,18,12,10,66.67,1250.0,4.5,LOTE_GOLD_OFICIAL
916,Formação Prática em Pipelines de Ingestão Batch e Streaming: Fundamentos e Aplicação,Curso,Engenharia de Dados,Avançado,25,18,12,10,66.67,1250.0,4.5,LOTE_GOLD_OFICIAL
917,Arquitetura & Código Ep. 118: Inovações em Orquestração de Workflows com Apache Airflow,Podcast,Engenharia de Dados,Avançado,25,18,12,10,66.67,1250.0,4.5,LOTE_GOLD_OFICIAL
918,"Construindo Aplicações Robustas com Python Avançado: POO, Decorators e Geradores",Curso,Programação & Software,Básico,25,18,12,10,66.67,1250.0,4.5,LOTE_GOLD_OFICIAL
919,Análise Comparativa e Padrões Recomendados em Adequação à LGPD e Proteção de Dados Pessoais,Artigo,Segurança & Governança,Avançado,25,18,12,10,66.67,1250.0,4.5,LOTE_GOLD_OFICIAL
920,Estudo Técnico e Decisões de Arquitetura em Fine-Tuning de Modelos Fundacionais,Artigo,Inteligência Artificial,Básico,25,18,12,10,66.67,1250.0,4.5,LOTE_GOLD_OFICIAL
921,Guia Definitivo e Boas Práticas sobre Orquestração de Microsserviços com Kubernetes,Artigo,DevOps & Cloud,Intermediário,25,18,12,10,66.67,1250.0,4.5,LOTE_GOLD_OFICIAL
922,Guia Definitivo e Boas Práticas sobre Particionamento e Alta Disponibilidade em Bancos,Artigo,Banco de Dados,Básico,25,18,12,10,66.67,1250.0,4.5,LOTE_GOLD_OFICIAL
923,Papo de Dados Ep. 60: Desvendando Pipelines de CI/CD para Engenharia de Dados,Podcast,DevOps & Cloud,Avançado,25,18,12,10,66.67,1250.0,4.5,LOTE_GOLD_OFICIAL
924,Como Obter Alta Performance Utilizando Definição de KPIs e Métricas Orientadas a Decisão,Artigo,Business Intelligence,Avançado,25,18,12,10,66.67,1250.0,4.5,LOTE_GOLD_OFICIAL
925,Estudo Técnico e Decisões de Arquitetura em Particionamento e Alta Disponibilidade em Bancos,Artigo,Banco de Dados,Intermediário,25,18,12,10,66.67,1250.0,4.5,LOTE_GOLD_OFICIAL
926,Melhores Práticas e Arquitetura de Estatística Descritiva e Inferencial para Decisão,Vídeo,Ciência de Dados,Intermediário,25,18,12,10,66.67,1250.0,4.5,LOTE_GOLD_OFICIAL
927,Arquitetura & Código Ep. 27: Inovações em Segurança de Redes e Controle de Acesso,Podcast,DevOps & Cloud,Básico,25,18,12,10,66.67,1250.0,4.5,LOTE_GOLD_OFICIAL
928,Solucionando Desafios do Dia a Dia em Pipelines de CI/CD para Engenharia de Dados,Vídeo,DevOps & Cloud,Avançado,25,18,12,10,66.67,1250.0,4.5,LOTE_GOLD_OFICIAL
929,Guia Definitivo e Boas Práticas sobre Criptografia de Dados em Repouso e em Trânsito,Artigo,Segurança & Governança,Intermediário,25,18,12,10,66.67,1250.0,4.5,LOTE_GOLD_OFICIAL
930,Guia Definitivo e Boas Práticas sobre Embeddings Vetoriais e Representação Semântica,Artigo,Inteligência Artificial,Avançado,25,18,12,10,66.67,1250.0,4.5,LOTE_GOLD_OFICIAL
931,Guia Definitivo e Boas Práticas sobre Governança de Dados para Aplicações de IA,Artigo,Segurança & Governança,Avançado,25,18,12,10,66.67,1250.0,4.5,LOTE_GOLD_OFICIAL
932,Papo de Dados Ep. 27: Desvendando Estatística Descritiva e Inferencial para Decisão,Podcast,Ciência de Dados,Intermediário,25,18,12,10,66.67,1250.0,4.5,LOTE_GOLD_OFICIAL
933,Guia Rápido e Hands-on: Governança e Ética em Sistemas de IA,Vídeo,Inteligência Artificial,Básico,25,18,12,10,66.67,1250.0,4.5,LOTE_GOLD_OFICIAL
934,Análise Comparativa e Padrões Recomendados em Pipelines de Ingestão Batch e Streaming,Artigo,Engenharia de Dados,Intermediário,25,18,12,10,66.67,1250.0,4.5,LOTE_GOLD_OFICIAL
935,Deep Dive Ep. 74: Casos de Sucesso em Design de Dashboards e Eliminação de Chartjunk,Podcast,Business Intelligence,Intermediário,25,18,12,10,66.67,1250.0,4.5,LOTE_GOLD_OFICIAL
936,Solucionando Desafios do Dia a Dia em Escalabilidade e Gestão de Custos em Cloud,Vídeo,DevOps & Cloud,Básico,25,18,12,10,66.67,1250.0,4.5,LOTE_GOLD_OFICIAL
937,Solucionando Desafios do Dia a Dia em Controle de Acesso Baseado em Papéis (RBAC),Vídeo,Segurança & Governança,Intermediário,25,18,12,10,66.67,1250.0,4.5,LOTE_GOLD_OFICIAL
938,Formação Prática em Consultas e Índices GIN com JSONB no PostgreSQL: Fundamentos e Aplicação,Curso,Banco de Dados,Básico,25,18,12,10,66.67,1250.0,4.5,LOTE_GOLD_OFICIAL
939,Tech Talk Ep. 37: Melhores Práticas em Arquitetura Limpa e Princípios SOLID,Podcast,Programação & Software,Avançado,25,18,12,10,66.67,1250.0,4.5,LOTE_GOLD_OFICIAL
940,Como Implementar Monitoramento com Prometheus e Grafana Passo a Passo,Vídeo,DevOps & Cloud,Avançado,25,18,12,10,66.67,1250.0,4.5,LOTE_GOLD_OFICIAL
941,Deep Dive Ep. 30: Casos de Sucesso em Orquestração de Workflows com Apache Airflow,Podcast,Engenharia de Dados,Avançado,25,18,12,10,66.67,1250.0,4.5,LOTE_GOLD_OFICIAL
942,Masterclass de Conteinerização com Docker e Docker Compose para Projetos Reais,Curso,DevOps & Cloud,Intermediário,25,18,12,10,66.67,1250.0,4.5,LOTE_GOLD_OFICIAL
943,Solucionando Desafios do Dia a Dia em Orquestração de Workflows com Apache Airflow,Vídeo,Engenharia de Dados,Avançado,25,18,12,10,66.67,1250.0,4.5,LOTE_GOLD_OFICIAL
944,Tech Talk Ep. 94: Melhores Práticas em Governança e Ética em Sistemas de IA,Podcast,Inteligência Artificial,Básico,25,18,12,10,66.67,1250.0,4.5,LOTE_GOLD_OFICIAL
945,Masterclass de Dashboards Estratégicos no Apache Superset para Projetos Reais,Curso,Business Intelligence,Intermediário,25,18,12,10,66.67,1250.0,4.5,LOTE_GOLD_OFICIAL
946,Solucionando Desafios do Dia a Dia em Governança de Dados para Aplicações de IA,Vídeo,Segurança & Governança,Avançado,25,18,12,10,66.67,1250.0,4.5,LOTE_GOLD_OFICIAL
947,Especialização em Particionamento e Alta Disponibilidade em Bancos com Projetos Práticos,Curso,Banco de Dados,Avançado,25,18,12,10,66.67,1250.0,4.5,LOTE_GOLD_OFICIAL
948,Princípios Essenciais e Arquitetura de Engenharia de Prompts e Agentes Inteligentes,Artigo,Inteligência Artificial,Avançado,25,18,12,10,66.67,1250.0,4.5,LOTE_GOLD_OFICIAL
949,Como Obter Alta Performance Utilizando Particionamento e Alta Disponibilidade em Bancos,Artigo,Banco de Dados,Básico,25,18,12,10,66.67,1250.0,4.5,LOTE_GOLD_OFICIAL
950,Como Implementar Detecção de Anomalias em Grandes Volumes Passo a Passo,Vídeo,Ciência de Dados,Básico,25,18,12,10,66.67,1250.0,4.5,LOTE_GOLD_OFICIAL
951,Como Implementar Ambientes Reprodutíveis para Aplicações de Dados Passo a Passo,Vídeo,DevOps & Cloud,Intermediário,25,18,12,10,66.67,1250.0,4.5,LOTE_GOLD_OFICIAL
952,Análise Prática e Demonstração de Refatoração de Código e Padrões PEP 8,Vídeo,Programação & Software,Intermediário,25,18,12,10,66.67,1250.0,4.5,LOTE_GOLD_OFICIAL
953,Construindo Aplicações Robustas com Tipagem Estática e Boas Práticas com Mypy,Curso,Programação & Software,Avançado,25,18,12,10,66.67,1250.0,4.5,LOTE_GOLD_OFICIAL
954,"Especialização em Métricas de Engajamento, Retenção e Conversão com Projetos Práticos",Curso,Business Intelligence,Básico,25,18,12,10,66.67,1250.0,4.5,LOTE_GOLD_OFICIAL
955,Deep Dive Ep. 104: Casos de Sucesso em Embeddings Vetoriais e Representação Semântica,Podcast,Inteligência Artificial,Intermediário,25,18,12,10,66.67,1250.0,4.5,LOTE_GOLD_OFICIAL
956,Deep Dive Ep. 105: Casos de Sucesso em Engenharia de Prompts e Agentes Inteligentes,Podcast,Inteligência Artificial,Intermediário,25,18,12,10,66.67,1250.0,4.5,LOTE_GOLD_OFICIAL
957,Guia Rápido e Hands-on: Replicação e Tolerância a Falhas no PostgreSQL,Vídeo,Banco de Dados,Intermediário,25,18,12,10,66.67,1250.0,4.5,LOTE_GOLD_OFICIAL
958,Masterclass de Automação de Servidores Linux e Acesso SSH para Projetos Reais,Curso,DevOps & Cloud,Básico,25,18,12,10,66.67,1250.0,4.5,LOTE_GOLD_OFICIAL
959,Curso Completo de Design de Dashboards e Eliminação de Chartjunk: Da Teoria à Prática,Curso,Business Intelligence,Básico,25,18,12,10,66.67,1250.0,4.5,LOTE_GOLD_OFICIAL
960,Deep Dive Ep. 37: Casos de Sucesso em Segurança de Redes e Controle de Acesso,Podcast,DevOps & Cloud,Intermediário,25,18,12,10,66.67,1250.0,4.5,LOTE_GOLD_OFICIAL
961,"Deep Dive Ep. 110: Casos de Sucesso em Python Avançado: POO, Decorators e Geradores",Podcast,Programação & Software,Intermediário,25,18,12,10,66.67,1250.0,4.5,LOTE_GOLD_OFICIAL
962,Arquitetura & Código Ep. 93: Inovações em Replicação e Tolerância a Falhas no PostgreSQL,Podcast,Banco de Dados,Intermediário,25,18,12,10,66.67,1250.0,4.5,LOTE_GOLD_OFICIAL
963,Arquitetura & Código Ep. 117: Inovações em Design de Dashboards e Eliminação de Chartjunk,Podcast,Business Intelligence,Intermediário,25,18,12,10,66.67,1250.0,4.5,LOTE_GOLD_OFICIAL
964,Solucionando Desafios do Dia a Dia em Auditoria e Monitoramento de Logs de Acesso,Vídeo,Segurança & Governança,Avançado,25,18,12,10,66.67,1250.0,4.5,LOTE_GOLD_OFICIAL
965,Como Obter Alta Performance Utilizando Ambientes Reprodutíveis para Aplicações de Dados,Artigo,DevOps & Cloud,Avançado,25,18,12,10,66.67,1250.0,4.5,LOTE_GOLD_OFICIAL
966,Análise Comparativa e Padrões Recomendados em Auditoria e Monitoramento de Logs de Acesso,Artigo,Segurança & Governança,Intermediário,25,18,12,10,66.67,1250.0,4.5,LOTE_GOLD_OFICIAL
967,Como Implementar Machine Learning Supervisionado com Scikit-Learn Passo a Passo,Vídeo,Ciência de Dados,Básico,25,18,12,10,66.67,1250.0,4.5,LOTE_GOLD_OFICIAL
968,"Como Implementar Python Avançado: POO, Decorators e Geradores Passo a Passo",Vídeo,Programação & Software,Intermediário,25,18,12,10,66.67,1250.0,4.5,LOTE_GOLD_OFICIAL
969,Melhores Práticas e Arquitetura de Arquitetura RAG e Recuperação Semântica,Vídeo,Inteligência Artificial,Básico,25,18,12,10,66.67,1250.0,4.5,LOTE_GOLD_OFICIAL
970,Solucionando Desafios do Dia a Dia em Pipelines de CI/CD para Engenharia de Dados,Vídeo,DevOps & Cloud,Intermediário,25,18,12,10,66.67,1250.0,4.5,LOTE_GOLD_OFICIAL
971,Guia Rápido e Hands-on: Controle de Acesso Baseado em Papéis (RBAC),Vídeo,Segurança & Governança,Básico,25,18,12,10,66.67,1250.0,4.5,LOTE_GOLD_OFICIAL
972,Análise Prática e Demonstração de Ambientes Reprodutíveis para Aplicações de Dados,Vídeo,DevOps & Cloud,Avançado,25,18,12,10,66.67,1250.0,4.5,LOTE_GOLD_OFICIAL
973,Guia Definitivo e Boas Práticas sobre Auditoria e Monitoramento de Logs de Acesso,Artigo,Segurança & Governança,Básico,25,18,12,10,66.67,1250.0,4.5,LOTE_GOLD_OFICIAL
974,Como Implementar Machine Learning Supervisionado com Scikit-Learn Passo a Passo,Vídeo,Ciência de Dados,Avançado,25,18,12,10,66.67,1250.0,4.5,LOTE_GOLD_OFICIAL
975,Tech Talk Ep. 145: Melhores Práticas em Técnicas de Anonimização e Pseudonimização,Podcast,Segurança & Governança,Avançado,25,18,12,10,66.67,1250.0,4.5,LOTE_GOLD_OFICIAL
976,Princípios Essenciais e Arquitetura de Pipelines de CI/CD para Engenharia de Dados,Artigo,DevOps & Cloud,Básico,25,18,12,10,66.67,1250.0,4.5,LOTE_GOLD_OFICIAL
977,Estudo Técnico e Decisões de Arquitetura em Estratégias de Indexação e Performance de Bancos,Artigo,Banco de Dados,Básico,25,18,12,10,66.67,1250.0,4.5,LOTE_GOLD_OFICIAL
978,Princípios Essenciais e Arquitetura de Integração Híbrida PostgreSQL e NoSQL MongoDB,Artigo,Banco de Dados,Avançado,25,18,12,10,66.67,1250.0,4.5,LOTE_GOLD_OFICIAL
979,Data Insights Ep. 97: Experiências Reais com Modelagem Dimensional Star Schema e Snowflake,Podcast,Engenharia de Dados,Avançado,25,18,12,10,66.67,1250.0,4.5,LOTE_GOLD_OFICIAL
980,Curso Completo de Experimentação e Testes A/B Orientados a Dados: Da Teoria à Prática,Curso,Ciência de Dados,Avançado,25,18,12,10,66.67,1250.0,4.5,LOTE_GOLD_OFICIAL
981,"Como Obter Alta Performance Utilizando Métricas de Engajamento, Retenção e Conversão",Artigo,Business Intelligence,Básico,25,18,12,10,66.67,1250.0,4.5,LOTE_GOLD_OFICIAL
982,Análise Prática e Demonstração de Embeddings Vetoriais e Representação Semântica,Vídeo,Inteligência Artificial,Intermediário,25,18,12,10,66.67,1250.0,4.5,LOTE_GOLD_OFICIAL
983,Estudo Técnico e Decisões de Arquitetura em Ambientes Reprodutíveis para Aplicações de Dados,Artigo,DevOps & Cloud,Básico,25,18,12,10,66.67,1250.0,4.5,LOTE_GOLD_OFICIAL
984,Guia Definitivo e Boas Práticas sobre Previsão de Séries Temporais e Tendências,Artigo,Ciência de Dados,Intermediário,25,18,12,10,66.67,1250.0,4.5,LOTE_GOLD_OFICIAL
985,Como Obter Alta Performance Utilizando Tipagem Estática e Boas Práticas com Mypy,Artigo,Programação & Software,Intermediário,25,18,12,10,66.67,1250.0,4.5,LOTE_GOLD_OFICIAL
986,Especialização em Controle de Acesso Baseado em Papéis (RBAC) com Projetos Práticos,Curso,Segurança & Governança,Intermediário,25,18,12,10,66.67,1250.0,4.5,LOTE_GOLD_OFICIAL
987,Solucionando Desafios do Dia a Dia em Pipelines de CI/CD para Engenharia de Dados,Vídeo,DevOps & Cloud,Avançado,25,18,12,10,66.67,1250.0,4.5,LOTE_GOLD_OFICIAL
988,Guia Definitivo e Boas Práticas sobre Linhagem de Dados e Rastreabilidade de Origem,Artigo,Segurança & Governança,Intermediário,25,18,12,10,66.67,1250.0,4.5,LOTE_GOLD_OFICIAL
989,Solucionando Desafios do Dia a Dia em Design de Dashboards e Eliminação de Chartjunk,Vídeo,Business Intelligence,Intermediário,25,18,12,10,66.67,1250.0,4.5,LOTE_GOLD_OFICIAL
990,Construindo Aplicações Robustas com Concorrência e Assincronismo com Asyncio,Curso,Programação & Software,Básico,25,18,12,10,66.67,1250.0,4.5,LOTE_GOLD_OFICIAL
991,Masterclass de Segurança de Redes e Controle de Acesso para Projetos Reais,Curso,DevOps & Cloud,Intermediário,25,18,12,10,66.67,1250.0,4.5,LOTE_GOLD_OFICIAL
992,Estudo Técnico e Decisões de Arquitetura em Métricas de Avaliação de Modelos Preditivos,Artigo,Ciência de Dados,Básico,25,18,12,10,66.67,1250.0,4.5,LOTE_GOLD_OFICIAL
993,Princípios Essenciais e Arquitetura de Orquestração de Microsserviços com Kubernetes,Artigo,DevOps & Cloud,Básico,25,18,12,10,66.67,1250.0,4.5,LOTE_GOLD_OFICIAL
994,Estudo Técnico e Decisões de Arquitetura em Arquitetura de Dados Resiliente e Tolerante a Falhas,Artigo,Engenharia de Dados,Avançado,25,18,12,10,66.67,1250.0,4.5,LOTE_GOLD_OFICIAL
995,Como Implementar Governança e Ética em Sistemas de IA Passo a Passo,Vídeo,Inteligência Artificial,Intermediário,25,18,12,10,66.67,1250.0,4.5,LOTE_GOLD_OFICIAL
996,Solucionando Desafios do Dia a Dia em Métricas de Avaliação de Modelos Preditivos,Vídeo,Ciência de Dados,Avançado,25,18,12,10,66.67,1250.0,4.5,LOTE_GOLD_OFICIAL
997,"Arquitetura & Código Ep. 82: Inovações em Métricas de Engajamento, Retenção e Conversão",Podcast,Business Intelligence,Avançado,25,18,12,10,66.67,1250.0,4.5,LOTE_GOLD_OFICIAL
998,Como Obter Alta Performance Utilizando Consultas e Índices GIN com JSONB no PostgreSQL,Artigo,Banco de Dados,Avançado,25,18,12,10,66.67,1250.0,4.5,LOTE_GOLD_OFICIAL
999,Solucionando Desafios do Dia a Dia em Técnicas de Anonimização e Pseudonimização,Vídeo,Segurança & Governança,Avançado,25,18,12,10,66.67,1250.0,4.5,LOTE_GOLD_OFICIAL
1000,"Como Implementar Python Avançado: POO, Decorators e Geradores Passo a Passo",Vídeo,Programação & Software,Intermediário,25,18,12,10,66.67,1250.0,4.5,LOTE_GOLD_OFICIAL
